date,amount,category,description,clean_description,is_fraud
2025-02-02 15:31:58,0.44,Food,Issue law fear fine economic smile.,Allow always this.,0
2023-08-17 11:26:05,66.76,Food,Trade type training hand effect.,Finally focus own.,0
2024-07-21 13:51:04,99.78,Shopping,Glass strategy woman whether bank weight.,Mind mission.,0
2024-09-08 07:12:18,77.1,Food,Will structure sport growth.,Many analysis begin.,0
2020-04-19 12:21:34,70.28,Transport,Opportunity ago wish partner behind.,Some beautiful read.,0
2023-02-09 08:29:59,36.83,Transport,Spring already whole turn free.,Capital now get.,0
2020-12-18 09:19:16,88.76,Transport,Agent heavy time maintain discussion.,Often peace speak.,0
2020-07-31 07:19:00,23.62,Shopping,Red camera letter off rich. Indicate physical or.,Contain music fire.,0
2025-01-28 18:01:16,31.75,Food,Building right security all.,Situation there.,1
2024-07-04 09:18:35,67.23,Transport,Happy talk across per too loss.,Network.,0
2021-06-17 10:01:05,63.68,Entertainment,Treatment ever into possible coach.,Picture list notice.,0
2021-11-01 14:22:30,53.24,Entertainment,Movement us glass model commercial.,Issue management.,0
2021-03-28 14:39:38,14.13,Shopping,Would team back sure.,Stock allow nice.,0
2023-08-12 03:27:33,74.19,Entertainment,Data wait brother worry.,Perhaps.,0
2020-09-08 11:49:17,39.4,Food,Foot treatment eat per language something better.,Within interesting.,0
2023-03-16 18:30:22,91.26,Bills,Enter describe rule return indeed consumer house.,Seem specific task.,0
2025-01-01 13:40:06,25.41,Transport,Them best city attorney production hold even.,That somebody.,0
2021-12-25 22:51:24,10.4,Shopping,Wait popular should several final.,Benefit purpose.,1
2022-06-09 15:55:00,35.16,Transport,Season any their. Current region area.,Three direction.,0
2025-03-20 21:04:51,0.99,Transport,Exactly authority go statement.,Member plant.,0
2021-06-05 14:44:53,27.21,Food,Into benefit human involve hour.,Writer small down.,0
2020-09-29 05:59:20,36.58,Food,Fill avoid close discussion. Before red theory.,Mention small read.,1
2022-03-20 03:56:10,55.23,Shopping,Scientist bank generation might certain our.,Continue west.,0
2025-02-24 14:21:47,77.33,Entertainment,Do name race set culture. Room become miss huge.,Interesting bank.,0
2022-05-05 21:20:04,67.79,Entertainment,Between live decide doctor drop girl.,Challenge already.,0
2022-08-22 02:11:33,64.05,Entertainment,Seem system interest.,Security recently.,0
2023-05-26 10:27:41,20.54,Food,Traditional moment leader lay.,Fast together.,0
2022-07-26 10:20:04,95.51,Entertainment,Discover yet property arrive view down.,Firm put news.,0
2022-03-24 15:39:02,54.51,Entertainment,Serious generation military option.,May knowledge wind.,0
2022-05-20 18:59:36,65.89,Bills,Whole picture food radio.,Final.,0
2020-12-15 07:49:40,67.83,Shopping,What figure value unit send consumer.,Threat could.,0
2020-01-30 03:36:47,22.95,Shopping,Final town safe accept avoid economy bill TV.,Tough serious.,0
2024-10-06 00:44:25,39.44,Shopping,Paper music people moment natural current home.,World foreign.,0
2022-01-15 23:02:30,83.95,Shopping,Mrs listen discussion enjoy push state turn.,Development large.,0
2020-11-25 13:31:20,47.98,Entertainment,Almost model visit art.,Morning ever head.,0
2020-01-29 05:53:34,5.33,Transport,Art anyone natural message star run blue.,Opportunity now.,1
2023-03-05 06:54:21,58.42,Food,Look hear almost or economy very list.,Offer PM race.,0
2024-09-15 11:10:37,97.62,Food,Character his energy happen usually later.,Human page base arm.,0
2024-07-25 20:43:46,69.48,Food,International around poor base such.,Often decade.,0
2024-07-10 14:59:37,14.46,Entertainment,Important break media history certain daughter.,Soldier drive.,0
2022-09-29 07:56:26,96.41,Food,Give under worry couple particularly month.,Enter worry speak.,0
2022-05-01 18:49:21,82.5,Food,Necessary sea claim.,Face ability seek.,0
2020-10-19 12:03:14,71.82,Food,Mr family four place.,Themselves news.,0
2020-09-19 07:16:27,24.17,Transport,Effect mouth book front mission same language.,Dinner ahead region.,0
2021-02-27 11:53:03,9.23,Entertainment,Against treatment no watch color blue.,Bill decide modern.,0
2024-11-25 14:44:00,90.54,Shopping,Eye require improve policy true them subject.,Include he color.,0
2023-07-13 06:25:32,96.04,Bills,House well address store direction fear.,Ready service three.,0
2023-08-19 10:46:36,77.14,Food,Color yourself though get new hard card trial.,Example.,0
2024-09-29 11:16:09,49.81,Transport,Book true brother ball.,Or yard stuff lot.,0
2025-02-01 11:49:46,83.48,Bills,Small begin base option.,Well already style.,0
2024-09-14 10:33:09,92.23,Entertainment,Citizen call yes car modern.,Perhaps where power.,0
2023-06-13 19:24:48,41.89,Bills,Painting probably study throughout look during.,Try explain score.,0
2024-08-28 12:42:28,68.03,Shopping,Find cell in officer character rate every.,Political begin.,0
2021-08-11 08:34:27,84.21,Bills,Analysis west rule project ahead.,Sort long teach set.,0
2020-10-07 13:59:29,39.44,Bills,Century first law next main total discussion.,Week type.,0
2021-09-23 13:09:32,6.15,Food,Evening lot service nice soldier Republican.,Likely so.,0
2023-11-23 01:46:05,79.64,Food,Magazine check sister agent month happy entire.,Chair herself claim.,0
2024-06-06 03:22:22,13.12,Transport,Fear crime buy if concern difference.,Under himself free.,0
2024-03-13 19:08:33,92.32,Food,Save shoulder ago sit.,Parent weight rule.,0
2023-11-02 14:04:17,9.36,Bills,Five amount table talk him.,Much especially.,0
2022-03-07 03:36:25,8.35,Transport,Eat head sound production education you result.,Doctor investment.,0
2021-02-08 18:48:07,35.05,Food,Dream include her money interest character.,Newspaper.,0
2024-09-07 05:47:34,66.79,Shopping,Marriage time various mention.,South available.,0
2024-08-10 12:20:01,7.97,Shopping,Heavy occur add free enjoy develop.,Protect finish sign.,0
2024-09-25 00:20:34,97.36,Bills,Deep feeling mind without music bag when from.,Majority writer.,0
2021-01-04 23:59:53,14.5,Shopping,High prepare partner woman.,Painting another.,0
2020-12-09 15:45:27,85.55,Food,Available wall north house.,Enough cut animal.,0
2024-02-06 17:01:09,15.93,Entertainment,Argue good myself smile civil.,House commercial.,0
2020-10-15 02:49:05,91.02,Bills,Conference they activity boy wonder.,Quite where though.,0
2020-04-21 09:07:26,74.82,Shopping,I thing concern activity produce amount.,Rule our as impact.,0
2023-09-03 15:20:48,7.5,Bills,The trade lot production.,Example among.,0
2021-08-16 11:54:41,39.44,Transport,Particular have ball Congress head current.,Husband region.,0
2024-11-01 07:24:00,62.95,Food,Still raise friend property value left we kind.,Outside head.,1
2021-03-20 01:40:46,77.9,Food,Short decide we before should.,Hospital Republican.,0
2023-01-04 07:31:31,73.91,Entertainment,Kind pressure floor.,Ok movie turn away.,0
2022-01-03 09:11:04,91.86,Food,Claim cause food total.,Total sometimes.,0
2023-07-21 10:03:11,42.31,Shopping,Dream smile tax. East truth law.,East seven there.,0
2020-10-19 10:41:06,35.41,Shopping,Current air many significant choice very.,Result happy act.,0
2022-10-22 22:29:29,35.29,Transport,Value rather eat goal professional investment.,Trade stay own how.,1
2024-02-03 03:35:41,18.65,Shopping,Few food part strong institution various enough.,Hand standard.,0
2022-08-21 02:39:55,82.48,Food,Management act hour. Too yes tax.,Room happen because.,0
2021-09-22 05:57:34,6.94,Food,Eat degree staff. Ask expert debate tonight.,Employee entire go.,0
2020-03-21 02:50:35,49.47,Bills,Mind reduce performance population truth.,Short need cultural.,0
2020-06-19 10:32:11,83.61,Bills,Cut peace into body from.,Energy free nature.,0
2021-09-24 17:57:43,50.66,Transport,Job weight class fill again may I.,Back any daughter.,0
2024-08-10 22:54:21,42.21,Shopping,Election hear card pattern have blood throw.,People box again.,0
2020-10-30 15:20:31,45.92,Food,Actually whom doctor effect.,Perhaps director.,0
2023-09-03 08:01:42,23.04,Bills,Right wish figure nature move.,Direction decade.,0
2024-10-22 22:19:52,85.18,Entertainment,Control sort investment feeling attack popular.,Her when during.,0
2020-09-14 12:29:40,8.44,Entertainment,Animal much study ten.,But why plan.,0
2024-08-15 18:05:25,97.59,Shopping,Strategy effort east seem.,Only would often.,0
2020-12-31 16:37:40,89.53,Entertainment,Brother because sport financial rather threat.,Ball when any than.,0
2021-07-14 18:17:25,21.61,Food,Significant here those cause a level recently.,Radio employee.,0
2024-05-23 21:49:54,90.37,Bills,Kitchen because whole institution surface.,Over woman bag.,0
2020-05-04 11:28:26,34.19,Bills,Remain speech power rich force.,Next fear fast.,0
2022-04-03 08:39:30,71.47,Shopping,Knowledge almost agreement security.,Decide prepare.,0
2020-06-16 06:55:10,44.66,Entertainment,Forward year light officer accept.,Chair put foot look.,0
2025-02-01 23:26:15,46.43,Shopping,Me game none. Nice bag day might.,Week audience.,0
2023-02-19 23:18:14,79.91,Entertainment,School movie down.,Family agree.,0
2020-09-18 17:50:32,25.39,Transport,Speech rate court describe. Tree give various.,Town official.,0
2023-09-10 10:48:18,48.22,Food,Quality must through spring government reach.,School little.,1
2024-11-02 08:52:22,35.08,Shopping,Mr according play tax. However rich party piece.,Officer eat suffer.,0
2020-04-10 09:09:26,76.32,Bills,Parent answer visit too think particular.,Order along poor.,0
2022-08-01 03:05:18,48.03,Transport,Dark discover education religious personal us.,Draw may together.,0
2023-08-01 09:35:32,59.27,Shopping,Far church sound list collection.,List deal officer.,0
2022-02-05 22:33:25,7.81,Transport,Enough fly administration senior short.,Nice music phone.,0
2024-02-03 19:58:28,79.37,Shopping,Mr simple consumer turn parent individual hear.,Many price.,0
2021-12-15 22:44:12,15.72,Food,Teach white suddenly billion voice step.,Week impact yes.,0
2022-10-15 14:12:42,87.89,Entertainment,Democratic president assume two old.,Whom painting.,0
2023-01-06 10:44:24,21.31,Food,Resource bag guess worker term. Man here free.,Management job when.,0
2020-08-25 10:09:19,84.47,Food,Walk language growth.,Employee collection.,0
2023-11-09 03:17:18,38.52,Bills,Region mean take machine resource person.,Blood indicate yard.,0
2024-10-16 18:25:15,33.3,Transport,You name particularly necessary war win often.,Allow president.,0
2021-10-13 21:08:34,85.82,Bills,Discover along door quickly produce.,Capital house as.,0
2023-10-13 20:15:23,58.52,Bills,City race remember control upon system.,Hard drug order hot.,0
2020-06-16 21:44:00,14.03,Transport,Body animal run body effort fly.,General provide.,0
2021-12-04 20:58:50,90.37,Entertainment,Reality occur particularly car.,Nice girl see sit.,0
2020-12-12 22:05:25,8.9,Shopping,Remain heavy star hit way believe woman.,Public bill family.,0
2025-01-10 10:55:16,34.73,Food,Put treatment this activity.,Field trial chair.,0
2023-06-21 04:39:48,84.33,Shopping,Kind strong pressure to rate.,With road billion.,0
2021-06-27 04:42:26,73.91,Transport,Continue bank last response itself.,West system sound.,0
2022-04-12 21:49:09,84.65,Transport,Sit risk since thank discussion remain.,Record section.,0
2024-09-25 14:32:29,44.54,Bills,Couple officer senior couple market.,Win speech return.,0
2024-05-05 03:32:25,15.12,Food,Institution spend main require claim.,Sound notice fish.,0
2022-10-15 19:53:12,61.14,Shopping,Analysis account career.,Series character.,0
2020-01-31 06:39:30,99.02,Bills,This let firm executive trade.,Safe cultural.,0
2023-11-11 14:16:17,14.51,Food,Drop mean front security. Usually crime live.,Guy grow account.,0
2020-01-27 20:03:10,62.87,Food,Beyond worker for mention third play.,Company probably.,0
2024-07-04 03:57:37,62.63,Shopping,Goal current professor business put heart throw.,Record will prepare.,0
2020-01-12 12:22:30,25.82,Food,Expert let party particular it until car.,Democrat approach.,0
2021-12-10 17:51:29,17.3,Bills,Operation green lay others situation next.,Blue unit top.,0
2023-12-20 20:50:34,4.27,Transport,Product prepare subject walk role one effect.,Treatment few beat.,0
2020-12-06 12:23:25,89.1,Transport,Administration those teach base.,Cover business.,0
2020-10-14 21:55:39,64.66,Entertainment,Lay price interesting sea chance.,Direction former.,0
2021-07-29 18:59:58,9.21,Transport,Fund career place than eye ahead whom.,People knowledge.,0
2020-06-26 02:41:35,21.72,Transport,Old meeting manage beyond this play.,Wish three party.,0
2024-06-27 14:34:34,86.45,Entertainment,Range American friend second live two.,Eat ten career.,0
2022-11-25 04:09:28,62.88,Entertainment,Just pressure set blue.,Likely performance.,0
2020-05-04 14:01:14,30.32,Food,Choose drop sound billion.,Everyone role sign.,0
2020-12-12 02:43:50,49.3,Entertainment,Thousand street answer.,Much save.,0
2020-06-07 00:20:25,46.57,Transport,Station certain factor beyond.,Provide last ask.,0
2022-05-15 05:00:07,9.08,Bills,Direction high partner pass network.,Cold form short.,0
2023-09-15 00:10:29,85.4,Food,Field well item many owner.,Last push very form.,0
2020-10-31 02:06:34,87.84,Entertainment,Born five sea whatever.,Their focus those.,0
2023-03-20 08:22:07,81.01,Shopping,Place among half ready free old.,Everybody from miss.,0
2024-02-08 09:26:14,20.85,Transport,Sound trial according determine risk paper.,Public book east.,0
2023-07-24 12:31:18,83.89,Bills,Usually effort recently reason ago middle.,Item time leader.,0
2023-05-28 18:19:00,29.68,Transport,Forget support political firm happy.,Bill best laugh.,0
2024-05-07 13:26:14,13.44,Bills,Resource her figure public.,See east newspaper.,1
2023-06-09 20:38:28,66.49,Food,Name challenge brother player.,Possible black live.,0
2021-06-17 21:37:21,22.65,Transport,None send weight week.,Defense TV total.,0
2023-07-12 15:21:36,49.95,Entertainment,Me wall coach concern.,Also hard scientist.,0
2020-01-14 13:01:10,29.14,Bills,Election attack discover collection ask.,Radio measure.,0
2022-09-05 15:38:15,38.53,Shopping,Service stage organization move group do.,We along professor.,0
2022-11-29 06:07:30,87.5,Entertainment,Opportunity huge use without rate available.,Until get task.,0
2023-06-29 13:42:40,96.97,Entertainment,Artist serious key store argue red affect.,Back significant.,0
2020-09-18 16:37:09,80.52,Entertainment,Process concern democratic answer plan.,Court yet down a.,0
2020-05-08 22:29:22,42.03,Bills,They skin arrive finish consider truth goal.,Have section walk.,0
2020-09-03 06:16:01,10.32,Shopping,Live war fall different success.,Official page.,0
2023-02-08 08:44:47,21.98,Shopping,Pick let light hotel.,Quality music exist.,0
2024-05-07 08:09:42,83.7,Shopping,Fight author law style cold.,Concern detail gas.,0
2025-03-27 08:34:48,16.06,Food,After beautiful town specific air church.,Consumer draw.,0
2023-07-03 20:03:00,35.06,Transport,Various language evening power.,Know government.,0
2020-08-02 16:09:21,91.06,Entertainment,Simple million worker yes right.,Fast affect us.,0
2023-05-28 18:00:41,67.9,Shopping,Section hour for likely.,Factor teacher.,0
2020-12-03 17:21:51,22.9,Entertainment,Nothing seem direction resource.,News oil top place.,0
2020-09-29 12:28:00,11.09,Bills,Statement generation above prepare pass half PM.,Road decide explain.,0
2020-08-24 14:56:41,45.42,Bills,Company eat run war next report put.,Over drive I notice.,0
2022-06-13 14:20:27,21.71,Shopping,Able war respond trip all sort.,Him friend page.,0
2024-12-16 07:34:07,82.82,Transport,Beautiful travel food throw behind north future.,Base add serious.,0
2021-10-13 19:20:23,19.67,Bills,Suffer in place south likely. Share sort mention.,Say until another.,0
2024-12-09 10:40:31,89.52,Shopping,Woman feel discuss mention.,Still woman notice.,0
2023-01-04 01:18:11,57.26,Transport,Her control bill still.,Notice age recent.,0
2024-01-27 08:48:32,91.98,Food,Such politics difficult on within form.,Deep return person.,0
2024-01-12 14:56:10,39.44,Entertainment,Woman science ball forget my month.,Meet bar necessary.,0
2024-10-04 05:24:21,8.21,Entertainment,College art even pay light.,Time deep money.,0
2021-04-19 08:28:14,71.71,Shopping,Land south decision.,Within energy no.,0
2021-10-05 13:45:13,7.38,Shopping,Increase grow soon treatment style.,Must kitchen wide.,0
2023-08-20 07:21:36,25.29,Entertainment,Tax analysis gun end trip.,Rather rise usually.,0
2025-01-03 01:11:01,9.58,Transport,Staff production idea reveal.,Resource number.,0
2022-12-20 05:59:07,24.73,Entertainment,Their clearly evidence stay enjoy father similar.,Glass represent eye.,0
2021-05-29 11:00:08,3.24,Food,Anyone director bar body store item southern.,Gun store which.,0
2024-11-04 22:50:01,98.07,Bills,Operation pull fly.,Themselves people.,0
2024-04-03 03:59:42,69.59,Food,Woman beat mouth if move lose.,Site guy chair.,1
2020-11-11 06:34:16,10.14,Shopping,Third enjoy seven each institution keep everyone.,Administration blue.,0
2023-09-05 06:44:06,56.47,Transport,Bank theory officer total.,Middle ball at race.,0
2021-12-31 07:07:09,72.58,Food,Decision up success information beat.,Public benefit yes.,1
2022-12-29 01:12:11,77.35,Food,Paper success issue administration human.,Street institution.,0
2021-09-27 22:51:02,92.49,Bills,Current force question a but reflect back.,Edge work foreign.,0
2022-12-19 08:00:25,94.05,Food,Research research general need.,Occur position.,0
2025-03-25 20:13:12,69.85,Bills,Authority minute report tough development.,Hour wind choose.,0
2022-05-15 04:19:15,21.61,Food,Record staff night free.,Road three animal.,0
2025-03-04 02:56:07,11.33,Transport,Physical during power effect born nation.,Interest second.,0
2022-11-22 00:25:13,41.27,Food,Special let foot market.,When instead young.,0
2023-01-05 01:50:12,38.43,Shopping,Car sea main. Knowledge conference born each.,Song bill course.,0
2025-03-17 02:29:21,20.03,Entertainment,Today draw artist stock store suggest cover.,We near spring grow.,0
2024-04-16 20:36:58,21.71,Food,Growth approach too cultural day.,Collection.,0
2020-02-29 17:13:14,62.53,Entertainment,Material there size claim. Human food they.,Performance.,0
2020-10-06 16:25:34,96.36,Bills,Option player strong identify consumer.,Outside last often.,0
2023-12-25 20:29:23,52.14,Entertainment,Near thank Congress bill training before stop.,Agree seven be add.,0
2021-04-10 12:55:27,46.58,Shopping,Peace off however price skill police.,Feeling could meet.,0
2022-04-09 10:59:27,90.69,Entertainment,Get term dinner.,Deep change process.,0
2024-09-18 09:25:15,82.34,Transport,Clearly soon rate place.,Answer pattern.,0
2021-06-24 11:46:52,95.16,Shopping,Wait outside market put stage member part.,Option vote far.,0
2023-03-10 10:28:38,69.16,Transport,Hotel claim accept purpose improve.,Evidence east.,1
2024-03-19 07:28:46,3.2,Entertainment,Hear agree total develop member.,Little join fly.,0
2023-09-09 00:03:30,27.93,Transport,Growth recently myself arm for.,How wall race could.,0
2024-01-06 13:17:41,32.39,Food,Operation economy road sport cause show.,Assume across.,0
2023-10-26 06:48:24,50.08,Food,Military town pretty doctor.,Change policy bit.,0
2024-03-08 07:29:42,86.65,Bills,Letter determine through only hotel somebody.,Enough whom as.,0
2020-11-22 07:58:50,50.84,Bills,Though doctor rise throughout.,Put she go eye lead.,0
2022-09-30 12:09:48,87.34,Food,Individual during story history.,Expect especially.,0
2024-06-26 13:43:12,56.33,Transport,Defense my mean well.,Station upon hit.,0
2024-09-03 06:46:19,66.08,Bills,How class event major.,Score agency.,0
2022-04-01 19:30:51,37.2,Bills,Investment top account music.,Crime eat blue.,0
2021-12-30 02:51:42,2.46,Transport,Take rock eight candidate age subject money.,Cut start age.,1
2024-02-09 22:08:24,87.17,Food,Increase choose record game yard fly nice energy.,Herself compare.,0
2024-08-08 11:33:09,98.65,Transport,Step than lose morning control point.,Nice difference.,0
2023-01-06 01:59:56,17.84,Shopping,Center such question peace kid experience.,Democratic yard.,0
2020-10-24 01:18:45,51.04,Shopping,Radio move recent law.,Around civil he.,1
2023-09-02 02:38:47,30.42,Food,That visit similar else thing.,Teach treatment.,0
2020-11-29 08:44:56,54.99,Shopping,Live spend event. Produce military dog situation.,Significant change.,1
2025-04-12 14:46:02,66.54,Entertainment,Decide heavy me fly Republican wall grow.,Thought take hit.,0
2021-04-16 12:40:18,26.04,Transport,Hit character eight church ahead.,West energy role.,0
2020-05-06 16:31:47,34.45,Food,Mrs smile wind produce possible hot.,Throughout foreign.,0
2024-04-23 04:33:01,3.28,Bills,Team about call while.,Like near explain.,1
2020-10-25 11:19:08,37.88,Shopping,So early itself discussion central.,Away various meet.,0
2022-07-15 19:03:39,36.25,Transport,Contain foot total.,While somebody low.,0
2021-08-17 21:07:17,95.5,Entertainment,Area glass sort indeed result within it mind.,Evidence note first.,1
2020-06-13 06:59:53,13.65,Entertainment,Month ever experience.,Mr take suddenly.,0
2022-10-18 09:33:46,79.21,Bills,Attack price record help.,Whose though trade.,0
2023-05-29 01:11:03,8.83,Shopping,Scene night total address too five role herself.,Positive couple.,0
2022-11-06 21:17:55,26.78,Food,Rock or within guy after community.,Maintain I force.,0
2021-10-26 02:34:28,50.56,Transport,Success program nice use catch.,Long the speak.,0
2024-04-16 13:42:31,73.3,Entertainment,Around finally main image.,Voice wish sea.,0
2020-07-31 04:47:18,21.3,Shopping,Onto project leg player range mouth gas.,Should lawyer.,0
2023-02-07 10:01:46,89.08,Food,Certainly choice go possible people.,Card receive soon.,0
2022-02-28 01:07:20,93.91,Entertainment,So relate road past contain.,Every doctor.,1
2023-03-09 17:09:57,28.58,Transport,Quickly food career hair.,Human husband fast.,0
2025-03-25 02:45:21,67.88,Food,Son here window.,Lose send through.,0
2020-04-03 06:49:58,56.85,Transport,Vote leader outside natural anything.,Figure write choose.,0
2024-03-11 15:34:27,60.46,Transport,Protect scene both reach often war.,Oil nearly story.,0
2025-04-10 00:35:56,69.15,Food,Friend any language exist.,Interest enjoy.,0
2024-03-28 02:25:06,62.83,Entertainment,Data success we part parent.,Capital energy new.,0
2021-02-23 10:31:58,50.95,Entertainment,Owner age step.,Culture certain.,0
2022-09-23 00:27:50,0.43,Bills,Him institution us community box.,Only act budget the.,0
2022-09-02 10:14:56,40.23,Transport,Study standard defense stay draw set involve.,Build impact recent.,0
2024-04-11 04:56:29,6.75,Transport,Bad dog hotel power. Keep whole agent year.,Follow beautiful.,0
2021-01-05 18:13:44,3.88,Shopping,Reason matter half instead.,Identify student PM.,0
2024-04-19 12:05:57,36.62,Transport,Thank offer area simple. Deep look cup staff.,Turn car free raise.,1
2020-02-14 00:16:50,2.02,Shopping,Image case term government manage.,Military truth air.,0
2023-11-21 07:41:55,53.29,Food,Congress fear contain society near next.,Table part thousand.,0
2024-03-19 11:07:10,63.71,Food,Before maintain budget subject me draw tell.,Perform without.,0
2024-07-01 22:21:20,86.58,Food,Health find cause respond some radio.,Interesting action.,1
2020-01-05 21:37:04,11.72,Shopping,Mouth memory myself probably number.,Man series federal.,0
2022-12-26 10:57:25,56.82,Shopping,Drop fear moment fear. Table law mission rock.,Factor black.,0
2023-07-08 20:10:20,96.33,Shopping,Create country although player.,Edge truth pick.,0
2020-08-25 02:57:54,64.58,Bills,Economy push PM hotel Mrs affect.,Scientist.,0
2023-07-06 21:43:26,29.25,Bills,Off mouth assume rather itself indicate son.,Risk senior require.,0
2022-02-07 05:32:27,71.71,Bills,Between clear American often.,Hair wrong let.,1
2022-12-09 18:36:24,55.2,Food,Way site matter moment off now build.,Instead TV lose.,0
2021-09-13 05:42:20,21.01,Shopping,Speech vote ready rock.,Cut include under.,0
2022-04-04 22:46:06,95.28,Food,Rise pressure quickly probably become.,Car never guess.,0
2022-06-01 09:25:08,18.04,Bills,Future matter score feel size animal.,Green best imagine.,0
2021-08-31 01:54:09,16.69,Food,Shake look skin this film purpose.,Young town husband.,0
2025-04-08 02:11:49,89.09,Shopping,Site then hand. Rate second guy value.,Success spring step.,0
2024-02-03 11:20:56,53.83,Transport,Case wish guy president.,Less body whatever.,0
2024-12-27 05:25:07,46.15,Food,Grow person indicate key by.,Arm quite form.,0
2020-09-27 00:13:13,65.55,Bills,Service never evidence point year.,Wide even quite.,0
2021-09-17 06:51:28,74.42,Transport,Scene skin than low. Congress seem point under.,Something customer.,0
2025-03-15 12:54:19,84.69,Entertainment,Conference teach key property.,Opportunity service.,0
2023-10-21 17:43:56,90.58,Bills,Enough kid thought nearly.,Small assume choose.,1
2023-02-28 19:55:43,42.49,Transport,Market former dinner pressure.,End lose property.,0
2020-11-01 08:30:59,83.79,Bills,Yeah leg room police dream foreign office.,Carry president.,0
2023-04-10 05:06:57,93.22,Bills,See hold owner order collection.,Growth phone.,0
2024-12-03 21:01:48,51.14,Bills,World much form bag. Design purpose plant.,Watch stock draw.,0
2022-07-25 00:21:48,49.34,Entertainment,Hour until upon.,Stuff science.,0
2024-10-04 13:52:23,39.68,Food,Born plan how join move choice small.,Investment model.,0
2023-03-15 08:38:27,85.47,Transport,Lot study some today. Its four through defense.,Join throw occur.,0
2024-08-27 00:11:00,85.69,Entertainment,Star lawyer official health.,Rest window let.,0
2023-06-16 15:39:39,77.32,Entertainment,Environment easy simple always population.,Down from avoid.,0
2023-05-17 08:23:43,2.06,Shopping,Take staff particular where alone question about.,Clear grow sister.,0
2024-06-17 23:59:13,82.27,Food,Group they run.,Last five various.,0
2024-12-18 22:54:41,75.37,Entertainment,Their start military interview cell later garden.,Gun send five.,0
2024-04-28 08:40:16,58.54,Shopping,Relate worker past.,Office professional.,0
2021-02-25 19:51:12,70.25,Entertainment,Compare these claim executive significant fill.,Certainly.,0
2023-12-14 14:46:21,61.9,Shopping,Fly grow process wrong.,Man once thus hold.,0
2023-02-13 19:09:46,92.11,Shopping,Agreement bar ready happy simple.,Democrat accept.,0
2023-01-19 10:17:26,57.27,Shopping,Federal special economic another result great.,Piece focus.,0
2023-06-18 07:38:01,34.18,Transport,Reveal particular according catch later.,Reveal line total.,0
2025-03-14 05:08:34,97.45,Entertainment,Race begin professional enjoy.,Still mention.,0
2024-02-15 10:46:20,39.32,Entertainment,Pay protect business billion bed.,Single citizen.,0
2021-09-21 23:00:58,90.47,Food,Cover night they free.,Thank consumer good.,0
2021-08-07 17:56:48,97.41,Bills,Here body ready hot. Blood design social.,Hear though store.,0
2024-03-01 05:57:39,83.73,Entertainment,Well may both subject idea.,Senior bill do.,0
2020-06-06 06:39:20,59.62,Shopping,Test across style sometimes low marriage easy.,Us center cold hot.,0
2020-08-24 00:23:21,58.71,Entertainment,Federal wall anyone woman national.,Focus could hold.,0
2022-11-12 13:13:42,92.56,Bills,Herself put someone new others.,Move door west ball.,0
2020-05-05 04:57:38,92.98,Food,War poor quite summer.,Often dinner.,0
2021-09-20 07:25:42,81.52,Transport,Significant chair Mr agent computer speech.,Anything past air.,0
2021-12-27 17:28:46,37.58,Shopping,Generation more perform sense nothing buy yet.,Enter go situation.,1
2022-07-22 09:39:14,8.52,Shopping,Moment result move religious.,Market task eat.,0
2024-11-22 18:49:37,21.24,Food,Audience remain you challenge more.,Stuff degree lay.,0
2024-02-18 19:09:21,20.52,Bills,Admit college energy ready.,Work ago life.,0
2021-06-08 07:15:23,99.3,Food,Travel avoid nation able.,Rest writer just.,0
2024-04-28 08:26:07,75.22,Entertainment,Response nothing scientist tough.,Every next now.,0
2021-01-12 05:31:28,24.14,Transport,Argue recently huge wall edge mention forget.,Military service.,0
2020-08-27 16:20:56,50.05,Entertainment,Health car know.,Expert pick how.,0
2024-09-13 17:19:03,42.56,Bills,Record them road recognize increase.,Picture win senior.,0
2021-10-14 12:23:33,87.2,Bills,World manage music happen.,East never expert.,0
2020-01-27 21:38:58,16.79,Entertainment,Generation politics officer indeed.,What step turn yet.,1
2024-07-20 23:06:48,46.33,Transport,More themselves detail training although.,Agreement feeling.,0
2022-12-25 15:23:27,95.46,Transport,Picture sure cell discover.,Government minute.,0
2020-08-28 06:52:11,51.1,Entertainment,Age partner his stay page science.,Full necessary buy.,0
2023-09-20 12:30:09,40.78,Entertainment,Chair drug condition risk remain among.,Population positive.,0
2023-12-29 03:02:07,6.05,Bills,Remain step would notice different home place.,Brother produce.,0
2023-07-15 22:23:45,95.69,Food,Light federal dream protect may per.,History discover.,0
2024-02-01 14:28:37,76.8,Transport,Card side minute ahead next available.,Pattern loss.,0
2023-11-19 07:53:49,95.52,Bills,Occur pass beautiful three better read.,Particularly.,0
2022-06-28 21:32:01,49.11,Bills,Sort article interesting often.,Behind among.,0
2024-07-17 15:57:50,34.67,Transport,Stock where quickly often ten.,Compare investment.,0
2021-07-07 06:38:45,86.24,Shopping,Course once nearly democratic.,Fire speech two.,0
2020-02-24 14:26:11,2.89,Shopping,Stock floor Mrs write.,We box usually.,0
2021-05-28 06:18:58,97.71,Bills,Social stage available they project.,House near ever.,0
2020-05-31 21:30:49,86.86,Entertainment,Big become animal remain catch.,Drug still put.,0
2024-08-31 15:21:22,75.64,Transport,Number respond child left term democratic.,Those onto item.,0
2021-07-11 20:35:05,96.54,Entertainment,Attack there green more assume out teach.,Those research cost.,0
2023-12-29 04:22:45,90.81,Shopping,Around seem general blue.,View president foot.,0
2024-05-29 13:09:46,37.71,Entertainment,Beautiful task box bad history.,Society particular.,0
2020-06-18 10:09:14,84.95,Entertainment,Need kind break floor report body follow.,Seem friend.,0
2023-07-16 00:39:47,92.01,Food,Hand expert process involve.,Else inside clear.,0
2024-11-07 08:22:05,2.63,Entertainment,Once situation all wrong modern election food.,Film expect with.,0
2025-01-07 15:45:50,48.3,Shopping,Notice consumer evidence able hear wide bag she.,Evidence party make.,0
2023-02-16 23:59:42,87.29,Transport,Trade could purpose specific.,Social himself.,0
2020-10-03 02:14:29,19.05,Entertainment,Charge movie up sound order. Go assume old bank.,One yet happen join.,0
2024-05-28 06:12:19,64.6,Entertainment,Such improve beat majority degree begin.,Keep maybe brother.,0
2020-03-10 12:45:31,25.23,Shopping,Vote including speak stock Congress age court.,Loss sense most.,0
2025-04-07 05:38:02,66.37,Shopping,There conference surface who age campaign.,Purpose decide.,0
2021-09-16 00:38:42,36.93,Transport,Behind total strategy answer describe authority.,A language modern.,0
2022-10-18 21:40:18,18.03,Bills,Recently lawyer church left value reach huge.,Have sign race.,0
2024-04-13 08:35:58,44.24,Entertainment,Indeed test image decade analysis safe.,Property someone.,0
2020-01-25 12:13:08,4.06,Transport,It explain water investment late determine.,Else big he.,0
2023-08-28 01:23:01,26.14,Transport,Project his prepare court.,Word appear most.,0
2022-08-11 17:50:01,71.99,Food,Example citizen painting add treatment someone.,Sound eye anyone.,0
2022-04-11 13:06:30,57.09,Bills,Manage experience attorney much.,According seat.,0
2020-08-01 16:32:04,21.1,Entertainment,Myself force yard. Develop from cause.,Central share wind.,0
2022-06-26 11:34:23,64.46,Food,Field color ask bit dinner method husband.,Company letter.,0
2022-10-17 14:12:40,60.45,Entertainment,Design short yourself ten.,Social what try.,0
2023-01-26 23:06:07,5.2,Entertainment,Republican machine he although.,Seat work camera.,0
2025-03-27 22:36:42,98.5,Entertainment,Main education go lay level marriage bill.,Sing growth myself.,0
2022-10-11 15:30:28,22.48,Bills,State trouble out perhaps its produce art.,Analysis exist.,0
2023-11-15 22:36:36,52.41,Shopping,According trip whether.,Smile card image.,0
2021-02-09 12:00:08,98.99,Transport,Expert protect always term return police civil.,Democratic song.,0
2021-02-21 08:30:15,38.76,Transport,Current yeah level mind lose. Pick past back.,Need pressure leave.,0
2025-04-03 07:02:14,41.18,Entertainment,Produce hundred she. Bad and result carry.,Civil occur peace.,1
2021-05-21 10:19:41,9.29,Entertainment,Very firm natural foot.,Onto want often.,0
2022-09-05 01:11:16,68.9,Bills,Note left official require million oil.,Picture your weight.,0
2022-02-17 01:47:13,18.45,Transport,Air do can conference.,College popular as.,0
2021-12-27 21:34:57,85.09,Bills,Scene religious guy health at material front.,Family reality.,0
2020-07-22 16:58:59,37.89,Entertainment,Start but from themselves visit attack.,Dinner high name.,0
2023-07-09 21:57:38,81.64,Entertainment,Answer but approach.,Newspaper.,0
2020-11-10 00:09:08,60.35,Food,Ahead west rest more miss.,Agency discuss.,0
2024-04-26 23:07:25,95.46,Transport,Total social positive dinner person.,Home onto report.,0
2023-02-24 23:31:44,39.66,Shopping,Environment your college business.,Let describe.,0
2022-09-26 05:32:39,47.84,Transport,Blood Democrat hotel check.,Final also field.,0
2023-03-16 12:57:01,17.49,Food,All sport board final us practice.,Soldier job maybe.,0
2022-03-08 17:27:14,19.71,Shopping,Unit rise range walk pull teacher.,Example behind air.,0
2024-04-03 06:50:54,13.25,Food,Herself soldier south security whose blue nature.,Bag early check.,0
2021-09-19 13:24:19,15.98,Food,Student evidence clearly all dinner.,Whom old positive.,0
2022-04-15 11:46:17,75.34,Entertainment,Story item business wide strong.,Child cost whom.,1
2020-09-01 23:12:21,64.25,Transport,Individual how daughter him set.,Training end.,0
2025-01-30 17:30:51,26.18,Bills,Pretty read significant various and before.,Police second.,0
2020-04-10 14:52:02,55.56,Shopping,Section resource accept experience race build.,Receive walk key.,0
2021-04-25 15:49:19,97.96,Shopping,Stock always include goal resource accept set.,Serious low.,0
2020-01-17 09:33:09,82.23,Food,Red measure group company woman enter hot.,Fish meeting effort.,0
2023-04-28 13:18:58,58.25,Food,Them give hundred message race field everybody.,Enjoy can once talk.,0
2023-11-30 21:13:07,48.83,Food,Course concern whole stop major.,Court this instead.,1
2021-04-27 14:36:04,99.37,Entertainment,Open memory national woman.,Speak too.,0
2025-01-22 21:20:10,54.4,Shopping,Attorney produce serious consumer.,Spring art health.,0
2021-08-18 22:22:53,58.17,Shopping,Buy as when difference share why.,Article future.,0
2022-03-25 13:04:21,89.35,Transport,Anything administration wrong person what.,Commercial public.,0
2023-11-20 01:40:08,61.07,Entertainment,Sister kid ever window.,Court receive free.,0
2023-04-17 05:33:47,45.13,Entertainment,For theory onto amount clear.,Own improve leg.,0
2023-12-19 11:15:47,38.21,Transport,Protect special study final.,Ever somebody less.,0
2023-11-30 02:02:04,57.72,Bills,Pressure night here value cultural he.,Worker poor short.,0
2023-07-10 08:08:51,76.47,Shopping,Employee end partner news sense help.,Face wait work.,0
2023-05-12 19:57:04,31.59,Transport,Only plan dream government.,Number speech use.,0
2025-04-01 15:58:44,69.97,Transport,Over official daughter effect Mrs.,Number that include.,0
2022-10-05 03:43:37,86.1,Shopping,Service amount dog heavy smile.,Especially major.,0
2024-08-13 15:07:02,15.55,Entertainment,Task middle necessary heavy stay.,Address family.,0
2020-10-21 23:50:54,46.66,Bills,Gun eight see little learn break article mouth.,Difference know.,0
2024-09-13 19:48:09,73.95,Entertainment,Popular protect surface.,Lose follow game.,0
2022-12-17 13:52:43,53.19,Entertainment,Up leave there training. Entire buy reality room.,Read early board.,0
2020-11-02 04:51:28,84.53,Bills,Mean rise drug think speak condition.,Leg their decide.,0
2024-05-20 06:09:25,67.35,Food,Activity gun not avoid.,Recognize turn.,0
2021-12-26 11:48:52,3.73,Food,Arrive artist family example front list hard.,Dinner you mind.,0
2023-02-06 08:48:49,45.22,Shopping,Matter soon suffer oil.,Food source part ok.,0
2021-07-30 15:03:08,70.87,Transport,Teach memory special window discussion within.,Part within allow.,0
2022-06-22 12:29:37,36.95,Food,Generation art another worry.,Card manage figure.,0
2024-11-08 07:01:17,16.65,Bills,Grow high base reason author leader.,Behind tell rather.,0
2023-08-16 13:55:57,71.91,Bills,Accept through letter through order benefit.,Why your around.,0
2020-08-17 02:05:01,54.41,Entertainment,Late past back kitchen simply.,Body chair with.,0
2022-09-19 10:13:12,72.42,Food,Budget style weight certainly voice seven fear.,Wide road beyond.,1
2020-05-15 22:35:02,37.63,Food,Expect describe cultural keep difference.,Plan old produce.,0
2022-11-17 22:52:00,59.85,Shopping,Add culture girl along town.,Factor quickly.,0
2025-03-05 15:43:19,14.86,Food,Forget then quality by.,Hard accept present.,0
2022-03-24 09:15:19,92.52,Bills,Specific few behavior thank party.,Cut other me sell.,0
2021-07-21 10:44:05,16.12,Food,Lead page international national issue.,Option dark turn.,0
2024-04-20 21:02:33,38.3,Transport,Radio pay since. Part hold positive face.,Soon phone course.,0
2022-12-26 05:06:00,20.75,Transport,Today very thought miss. Policy hope whom long.,Study property art.,0
2024-11-30 07:43:54,7.13,Entertainment,Animal item cut which single.,Today down why fish.,0
2020-06-11 08:09:34,82.55,Bills,Business another long writer necessary lose when.,International PM.,0
2021-02-26 07:57:14,46.71,Food,Age foot ok south water answer.,At heavy fear full.,0
2020-04-06 15:24:57,10.17,Transport,Reveal fall boy leader performance.,Avoid capital.,0
2021-05-17 18:17:36,60.03,Entertainment,Skin often court no once responsibility response.,Range eat such feel.,0
2021-06-07 12:12:05,50.77,Entertainment,Technology care high change.,They hit task.,0
2022-04-30 22:20:15,17.3,Shopping,Money and window Democrat on have clear dark.,Response really.,0
2021-01-19 14:06:04,96.18,Transport,Level leg free read hundred him.,Prevent your quite.,0
2020-10-26 07:35:53,88.38,Bills,Rest simple fact. Reach good spring year yes.,Cover pick month.,0
2020-08-12 05:28:51,80.72,Food,Start physical spring visit development.,Wait list speech.,0
2023-10-24 13:13:47,53.61,Shopping,Recognize point course industry still.,Many sort play just.,0
2020-06-30 22:47:23,20.94,Entertainment,Day early tonight office player purpose give.,Own produce such.,0
2023-09-25 07:57:50,44.27,Food,These rock story stuff imagine conference stand.,State building law.,0
2020-05-22 01:05:41,4.39,Bills,Need treat article floor surface.,So task take loss.,0
2020-03-17 01:59:45,13.33,Food,Scientist morning animal better off TV system.,Fill much.,0
2023-05-21 23:16:07,82.75,Entertainment,Rate film create key realize.,Writer day bank.,0
2020-11-01 04:09:44,47.62,Transport,Drop approach pick even. Research reveal ability.,Father must charge.,0
2024-05-14 01:39:36,46.06,Entertainment,Research bar central four.,Her return young.,0
2022-07-25 20:41:34,53.59,Food,Indicate it service reflect public exist great.,Quickly suffer work.,0
2022-10-05 08:37:56,46.49,Food,Son majority role center.,None leave cost.,0
2024-07-04 14:53:34,40.1,Bills,Another success itself.,Region sing.,0
2020-10-18 07:46:04,12.35,Food,Today class action. Follow less let receive guy.,Set chance happen.,0
2023-02-22 05:03:30,53.35,Food,Beyond too claim remain.,Really knowledge.,0
2022-04-28 22:31:27,5.74,Transport,Drive education oil trouble.,Public plant none.,0
2024-10-07 05:59:18,28.26,Transport,Pass poor tree finally sign especially.,Theory hundred.,0
2023-01-03 12:47:27,54.14,Shopping,Create social apply exist.,Concern have anyone.,0
2024-08-30 00:50:29,41.81,Transport,Prepare center free push.,Color growth plant.,0
2021-01-29 08:40:59,62.92,Bills,Responsibility what truth Democrat travel.,Time mean.,0
2021-04-13 21:56:45,76.41,Transport,Time team idea education race determine.,Area build woman.,0
2021-05-21 22:35:26,66.78,Shopping,Sense especially mean red.,Name stage some at.,0
2024-05-09 11:07:25,37.17,Shopping,Ten have idea anything yeah herself cut.,Computer near.,0
2020-01-13 00:22:23,1.71,Transport,Pay training kind type voice.,Couple Mrs though.,0
2024-03-11 12:17:55,93.32,Entertainment,Create design include security crime.,Child by third.,0
2022-12-28 07:38:24,13.01,Entertainment,Democratic eat individual item ten.,Involve development.,1
2024-05-20 07:36:33,54.23,Bills,Executive talk senior.,Whom here really.,0
2021-02-16 19:27:45,66.24,Bills,Door town with without line admit provide.,Yet improve push.,0
2023-05-03 09:46:55,7.72,Transport,Bill these second take.,Deal ago science.,0
2021-06-13 23:40:04,62.06,Entertainment,Name serve account sell boy idea.,War seat event than.,0
2020-09-25 15:49:42,80.26,Transport,Five forward maintain of.,Often water well.,0
2020-02-02 02:09:41,92.0,Transport,Dark organization commercial dinner.,Ability none enter.,0
2020-09-17 17:08:29,2.65,Entertainment,Task campaign or church leg effect right eye.,Edge establish sign.,0
2023-09-09 17:14:56,5.51,Food,Production game marriage. Stand trouble analysis.,Out amount admit.,1
2023-05-23 11:17:43,11.41,Bills,Citizen subject speech act into.,Very man ball start.,0
2025-02-27 17:01:16,53.24,Food,Me prepare no.,Us sport us guess.,0
2022-12-24 15:34:09,94.15,Entertainment,Man indeed nation rest though game.,State social easy.,0
2022-08-28 01:45:37,39.78,Bills,Can land speech enjoy care dinner.,Call option general.,0
2021-07-12 07:54:42,72.28,Food,Hair across game born some near machine.,Real newspaper.,0
2022-08-03 06:18:35,33.79,Entertainment,Type collection body modern treat.,Marriage catch.,0
2020-10-16 03:15:51,69.9,Transport,Big particularly oil suffer science I bill.,Head fund agreement.,0
2023-07-05 22:27:42,29.54,Food,Think system free discussion answer out.,Receive threat.,0
2020-04-16 04:11:09,30.03,Shopping,Hope well allow article.,Through section.,0
2021-06-25 02:16:18,80.02,Transport,Parent body talk cup food card.,Church interview.,0
2023-06-22 08:53:14,75.04,Food,Machine rich clearly guess executive.,Responsibility my.,0
2021-07-07 14:59:35,56.9,Transport,Management piece small ability then hear.,Pay difference.,0
2022-01-24 19:29:07,40.19,Transport,Court feel herself improve world.,Who at protect ask.,0
2021-06-01 20:29:00,16.83,Food,Effort natural art camera.,Continue lawyer.,0
2022-01-27 12:26:47,20.66,Entertainment,Between common western station true per defense.,Response candidate.,0
2020-05-04 18:01:58,13.15,Bills,From off particularly.,Natural try sport.,0
2020-06-18 11:19:31,92.24,Entertainment,Compare continue speech for food democratic hold.,Amount change thing.,0
2022-03-01 19:06:52,54.26,Shopping,Argue main catch owner look recently source if.,Tough least year.,0
2021-11-24 04:00:42,72.77,Bills,Especially out painting half conference.,Them low tax tough.,0
2024-07-05 01:36:16,32.82,Entertainment,Middle pretty learn able you with.,Serious election.,0
2025-02-10 12:56:22,67.8,Transport,Also will window enough heart side.,Always southern.,0
2021-08-06 09:13:58,59.04,Entertainment,Job actually charge form technology get report.,Actually purpose ok.,0
2023-05-15 10:57:59,7.22,Shopping,Science close act.,As old mind film.,1
2023-10-30 20:22:31,73.7,Bills,Prove rich important return foot after.,Far quickly bad.,0
2025-01-16 14:03:56,66.89,Bills,Necessary season upon there on.,With event.,0
2020-02-24 15:10:58,68.45,Bills,Phone book moment away. Cold fund woman care.,Live begin long.,0
2024-08-20 19:03:58,10.85,Shopping,Western deal it choice technology.,Thus forward beyond.,0
2021-07-30 19:30:06,63.75,Bills,Party choice side.,Call environmental.,0
2021-08-12 16:11:43,71.99,Bills,Hope smile Mrs air lay I allow.,Model seven over.,0
2020-10-31 01:13:49,81.84,Transport,Behind up play break. Or world choose.,Once lose why.,0
2022-04-11 19:04:13,87.33,Food,Chair realize response loss enough.,Especially road.,0
2024-10-11 05:28:37,90.92,Bills,Probably difficult data draw watch.,Successful watch.,0
2020-11-14 06:07:53,24.99,Bills,Audience anything else science PM.,And middle campaign.,0
2021-08-21 23:48:27,93.75,Transport,Assume find fight. Face doctor how.,Major sell real kid.,0
2020-06-17 13:47:41,43.5,Food,Wind others institution enough.,Will boy practice.,0
2021-05-22 11:10:52,27.02,Entertainment,Exactly else while carry describe should.,Own let be hand.,1
2022-04-15 06:30:08,37.72,Transport,Morning but mission home.,Maybe part take.,0
2024-02-22 21:56:02,7.92,Bills,Political sell run student professional culture.,Save agreement no.,0
2022-01-12 02:55:31,40.01,Entertainment,Pull deal spend nearly.,Sell responsibility.,0
2023-05-19 05:06:51,97.48,Shopping,Site look write exactly prevent.,College focus prove.,0
2020-04-16 01:12:28,41.15,Shopping,Know change least third have good.,Perhaps control add.,0
2023-11-08 15:35:05,85.99,Food,Have involve as blue example sit wish.,Fly off discuss.,0
2025-01-31 04:09:48,34.21,Transport,Thus smile brother.,Through society.,0
2022-12-03 22:27:15,3.72,Food,Little nation television. Town certain baby fish.,Reflect pick ground.,0
2023-12-15 05:58:18,19.92,Food,Thus car relationship born protect either.,Already space.,0
2024-12-11 07:15:57,56.29,Bills,Stage job treat product professional Congress.,Even seem mean.,0
2025-02-14 17:53:28,98.94,Transport,Although international most walk.,Drop author table.,0
2020-02-03 10:45:56,38.15,Bills,Eight power last garden run fear federal class.,Mind when possible.,0
2020-02-21 18:32:21,48.37,Bills,Artist a total after.,Throw response.,0
2021-11-04 15:13:05,29.45,Shopping,Heart another culture little care.,Feel decision.,0
2025-03-22 06:23:58,95.26,Food,Country realize health process smile.,Improve central.,0
2021-10-18 13:07:10,0.72,Entertainment,Word tax part week.,Condition control.,0
2022-09-23 16:49:53,23.0,Food,Capital song enter both Congress beautiful our.,Town note cell rock.,0
2023-08-11 11:08:35,41.62,Food,Protect today from miss memory work.,Career institution.,0
2024-08-01 22:14:18,94.54,Food,Much cut ten such. Hear five board and.,Land necessary.,0
2022-02-26 06:53:22,69.5,Food,Establish site make should owner federal surface.,Story east figure.,0
2020-10-02 22:44:50,56.64,Entertainment,Economy local rule term offer.,Couple everyone.,0
2020-08-14 14:04:51,55.6,Shopping,Soldier modern fly audience sister.,May anyone force.,0
2023-05-11 06:35:00,55.61,Transport,Art while mention ago.,Top movie audience.,0
2023-04-05 12:24:04,64.54,Food,Democratic industry benefit social later.,Purpose another.,0
2020-02-25 15:44:42,11.87,Transport,By few buy.,Rise want face good.,0
2022-11-07 06:06:30,9.51,Transport,Wrong way take whatever film. Put court economy.,Perhaps respond.,0
2021-09-15 11:31:59,12.12,Shopping,While let couple computer focus.,Especially.,0
2022-09-10 01:57:26,67.44,Food,Him rock interest relate blue stuff thing.,Write any center.,0
2023-05-09 08:15:01,83.39,Entertainment,Somebody room new. Over with after.,Probably hotel.,0
2023-08-29 08:03:32,41.63,Food,Hope page develop.,To focus report.,0
2022-01-30 22:58:33,91.39,Shopping,Know you which smile hard.,Yard media.,0
2022-03-08 07:57:18,30.39,Shopping,Machine necessary pressure ability.,Fish child such ask.,1
2020-11-09 20:45:53,72.27,Entertainment,Save report either all way.,Maybe end help.,0
2020-11-23 04:44:57,56.76,Shopping,In make create big expect debate.,Later same show.,0
2025-04-04 07:01:35,32.83,Bills,Set three government.,Law kind style.,0
2020-02-22 00:02:55,59.28,Food,Single mean space partner program.,Take whose identify.,0
2021-09-11 04:23:21,38.56,Transport,Only talk suffer son concern.,Smile member.,0
2020-08-03 09:17:03,99.17,Shopping,Network coach charge wonder.,Walk enough send.,0
2020-11-18 23:52:29,97.8,Bills,Clearly training when past billion point.,Teach five term.,0
2022-07-19 09:05:25,5.47,Bills,Interview economy wear health method.,Produce write place.,0
2024-02-02 19:12:43,38.4,Shopping,Everything month include music smile wind bad.,Seek challenge and.,0
2022-01-29 07:32:43,56.14,Shopping,Positive item still than local down already.,Work perhaps.,0
2023-01-03 10:18:41,9.26,Entertainment,Item surface spring son guy paper.,Bar water of most.,0
2022-06-11 20:26:45,92.89,Entertainment,Eat threat consumer hope.,She anything still.,0
2024-12-07 19:42:30,41.74,Shopping,Today practice do threat. Bill step southern.,State avoid camera.,0
2020-09-01 08:37:19,40.64,Bills,Us worry skill network.,Technology compare.,0
2021-06-29 03:58:45,49.95,Bills,Use here write.,Center situation.,0
2024-08-12 00:12:51,97.19,Entertainment,Degree choice none also.,Authority star.,0
2021-07-26 03:46:55,39.7,Food,Democratic art all field.,Including last down.,0
2024-05-26 01:27:05,16.76,Shopping,Suggest own sister thank.,Young sound ago.,0
2023-10-18 21:22:27,60.97,Entertainment,Writer hour according under else score.,Education ready.,0
2024-02-05 08:05:31,82.06,Shopping,Site join everybody maybe statement cell.,Already five expect.,0
2020-04-30 17:33:59,3.52,Transport,Skin tax imagine marriage.,Ok send attention.,0
2023-01-05 20:03:07,0.66,Transport,Already perhaps we reduce world media anyone.,Phone woman these.,1
2023-12-03 12:48:44,56.27,Bills,Break key up education season.,Far party board.,0
2024-04-16 16:46:09,90.32,Transport,Gun chance bring.,Whom would enjoy.,0
2020-12-10 11:09:13,43.85,Entertainment,One office since risk near attorney word.,Hospital exist.,0
2023-01-29 05:25:00,96.4,Transport,Majority use go state around.,Hundred would.,0
2021-12-21 05:24:35,96.41,Transport,Very such north single professor.,Far decide factor.,0
2020-02-02 23:38:16,36.09,Transport,Glass face meet approach front.,Financial although.,1
2024-08-27 14:21:47,15.15,Transport,Gas talk sing meeting crime left result.,Name TV me than.,1
2023-10-26 02:42:19,64.91,Shopping,Group often laugh play floor each western.,Score and wide.,0
2023-09-15 13:09:37,57.51,Shopping,Support money new hair.,Draw phone away.,0
2020-02-28 08:05:47,23.75,Bills,Must here marriage those bank true peace along.,Pressure lay lose.,0
2024-03-26 01:43:28,26.36,Shopping,List future plant indicate program traditional.,Industry look arm.,0
2020-07-28 17:18:38,83.24,Bills,All people baby.,Result time blue.,0
2025-03-07 09:46:12,91.8,Transport,However home then remember.,Catch specific.,0
2024-04-04 16:47:52,10.44,Shopping,West break itself test.,Need could century.,0
2024-04-26 02:37:57,60.09,Food,Suffer couple be as according.,I yeah sure agency.,0
2023-03-30 17:23:14,89.52,Food,Talk big white.,Individual clearly.,0
2021-05-17 18:16:24,64.25,Food,Single art husband.,View identify.,0
2022-05-20 05:50:06,24.56,Food,Reduce walk season professional.,Thought cost easy.,1
2023-08-05 05:14:50,55.58,Transport,Despite sort season play hospital ball.,Hour answer.,0
2025-02-14 20:23:40,96.02,Transport,Different room read debate.,Again result nice.,0
2022-05-27 01:27:31,11.84,Bills,Including professional be cold class up.,Lot tell goal.,0
2023-08-10 02:10:25,98.97,Entertainment,Resource visit identify bag another agency day.,People chair.,0
2021-10-14 08:40:43,30.24,Food,Later guy old force. Three beat past left.,Very something.,0
2022-01-15 05:45:44,75.78,Bills,Carry chance example section. Speak mean such.,Receive model.,0
2020-09-16 16:14:26,80.35,Bills,Price technology special general.,See laugh suddenly.,0
2021-01-06 22:37:11,7.48,Entertainment,Ever agreement late sing admit camera notice.,Nothing able among.,0
2024-02-25 13:12:46,96.31,Food,Thing sense listen half boy no state.,Data sure brother.,0
2024-07-05 12:28:50,50.49,Entertainment,Within study rich foreign painting.,Compare site.,0
2020-08-16 09:51:28,57.8,Entertainment,Picture miss somebody court.,Couple poor option.,0
2024-09-11 23:52:30,10.8,Shopping,Agency long start rather over his.,Use street toward.,0
2024-06-22 08:41:17,93.18,Food,Cause range radio long new.,Defense yes discuss.,0
2023-05-25 17:58:35,57.21,Bills,Support realize cause song walk lay.,Second price or.,0
2023-04-25 05:05:32,92.46,Food,Use behavior hair tree gun tax.,Fly race them.,0
2024-11-06 20:24:05,83.79,Shopping,Religious western although strong high.,Bag hard our.,0
2022-08-16 23:37:50,20.57,Entertainment,Yes focus resource effect red.,Discussion friend.,0
2023-11-14 16:20:55,50.31,Bills,Down forward lot assume.,Trade fill language.,0
2024-07-30 10:23:02,81.34,Bills,Fall culture ask owner day worker on already.,Specific street may.,0
2025-01-03 09:00:55,21.82,Shopping,Southern newspaper song father season.,Modern it sister.,1
2025-02-25 14:18:34,17.68,Bills,Charge well make case data.,Give quickly his.,0
2021-02-03 10:00:40,12.33,Food,History not hand policy true.,Simple movement.,0
2020-04-26 03:42:21,82.46,Shopping,Grow each fish maybe church thousand institution.,Yourself ball ask.,0
2020-01-05 18:39:22,13.24,Entertainment,Decision organization pressure court.,Clearly season.,0
2024-08-28 19:12:59,10.67,Shopping,Process experience score discuss determine.,Rather fire.,0
2024-11-09 21:11:34,23.0,Bills,Dark shoulder sport until person effect.,Machine surface.,0
2022-05-04 16:26:50,79.29,Entertainment,Majority reach your impact beautiful.,Short expert family.,0
2024-04-05 19:23:22,59.09,Transport,Good rise blood present property others home.,The rest too kid.,0
2020-08-13 06:16:39,76.65,Shopping,All fast process pass decision him unit party.,Office city color.,0
2021-08-03 00:19:39,61.94,Shopping,Now by source son.,Deep who nor left.,0
2022-06-26 05:21:39,13.72,Transport,Certain notice within in yourself.,Reduce close our.,0
2020-04-20 14:10:31,64.09,Shopping,Benefit issue half travel voice response.,Just across team.,0
2022-01-23 04:27:54,83.35,Transport,Human shake character several box.,Professional.,0
2022-06-26 22:49:54,41.29,Bills,Such start machine with high radio.,Side job mean.,0
2020-08-29 16:40:40,99.49,Transport,However price company edge strategy Democrat.,Family friend this.,0
2023-12-15 18:14:52,11.12,Entertainment,Health pay government face.,Three daughter your.,0
2020-09-21 22:17:20,50.62,Bills,Very leader figure technology.,Class consider.,0
2020-11-14 09:50:33,44.69,Entertainment,House within big kitchen manager study.,People run western.,0
2024-10-29 07:01:17,44.61,Food,Sing discuss since.,Movie significant.,0
2023-12-10 00:32:40,78.91,Transport,Who add account party civil leg.,Blue take human.,0
2020-08-25 05:09:01,75.89,Bills,Better subject future push cup example firm.,Difference finally.,0
2020-04-09 20:21:46,4.69,Shopping,President yes rock travel bag that often.,Land model start.,0
2023-10-12 18:51:11,69.96,Shopping,Language question in last then that.,Score skin at spend.,0
2022-05-15 10:11:31,97.08,Bills,Message despite project wear spring even.,Sister later yard.,0
2021-12-28 01:58:43,87.42,Food,As leave hundred forget financial answer.,Whatever always.,0
2023-11-04 03:53:38,82.51,Food,Choose ready let.,Appear listen shake.,0
2021-02-24 19:06:04,98.45,Bills,These cut remember onto sign.,Want partner lose.,0
2020-07-13 10:51:33,23.36,Food,Build should mind you work bad.,Identify.,0
2024-09-11 19:56:09,32.27,Entertainment,Lay couple in member finish own.,Difficult figure.,0
2025-01-10 21:25:13,56.01,Bills,Story no church term.,Example necessary.,0
2020-12-07 20:35:31,31.81,Entertainment,Single between safe. And society degree yourself.,Such stay training.,0
2024-07-10 21:28:03,28.85,Bills,Audience agent score can newspaper person.,Partner against.,0
2023-09-28 02:30:54,9.03,Transport,Language fear movement miss dinner development.,Never mission.,0
2025-02-03 21:01:27,25.65,Bills,Give drive blood seem small let north.,Continue capital.,0
2022-04-14 06:51:55,17.37,Food,Try prepare answer community prevent.,Behavior quality.,0
2024-03-04 10:18:48,88.52,Food,Between me class community personal brother our.,North year himself.,0
2020-06-06 17:17:06,49.35,Food,Past camera common media people little strategy.,Draw light me.,0
2021-04-09 07:27:10,71.72,Shopping,May film life executive.,Child arm member.,0
2025-04-10 11:42:15,21.81,Transport,Finally pretty such there support rock enter.,Message stand.,0
2021-05-19 00:02:01,11.85,Entertainment,Morning toward resource control can money west.,Shoulder floor buy.,0
2025-01-12 06:28:06,74.01,Entertainment,Lead find event book language.,Figure cover firm.,0
2021-04-06 23:20:18,61.23,Food,Investment industry change third natural class.,Million under.,0
2025-03-06 07:08:55,95.47,Transport,Manage life simply. Middle bad among.,In key where its.,0
2021-12-02 12:10:46,88.28,Transport,Its actually treatment leave prevent.,Box cut street bad.,0
2024-05-08 02:17:38,36.51,Transport,Pressure agent staff near fine.,Professor support.,0
2020-02-02 19:32:00,84.03,Entertainment,Case high work amount development wait.,Concern believe.,0
2023-02-02 22:40:39,38.41,Food,Fly send enough officer begin out else summer.,Kitchen painting.,0
2024-08-11 09:33:13,81.48,Transport,Keep world skin institution.,More head rest key.,0
2020-05-29 01:35:50,99.18,Food,Listen son behind fact executive.,Produce teacher.,0
2021-09-12 19:34:00,11.1,Transport,Direction southern draw everyone feeling.,Various owner field.,1
2022-11-06 04:40:15,89.62,Bills,Value loss audience take. Common rise radio.,Very step fill.,0
2023-01-16 06:53:51,39.82,Food,Most five now book.,Billion performance.,0
2023-03-27 19:22:44,0.99,Food,Whom open no Republican.,Practice national.,0
2020-05-11 06:28:58,59.29,Shopping,Research time media though team someone partner.,Behind likely get.,0
2024-07-14 00:45:22,66.0,Entertainment,Treat speech figure teach need feeling respond.,Ok energy executive.,0
2024-02-08 22:24:41,48.24,Transport,Sea along oil throw itself story sometimes.,Nation than body.,0
2023-04-22 02:27:28,19.28,Shopping,Without think check personal time whom.,Success the.,0
2023-02-08 22:10:38,52.14,Food,Present keep resource space campaign must pick.,Commercial general.,0
2020-07-01 01:04:01,85.37,Transport,Argue hold eat on gun choose.,Direction say chair.,0
2025-03-30 22:10:18,70.39,Entertainment,Agent two should particular table seek.,Bed indeed record.,0
2023-03-11 09:43:54,77.5,Food,Even trouble assume large choose itself road.,Present be water.,0
2021-10-03 12:18:59,4.14,Entertainment,Author be left fear give physical.,Lead think ago step.,0
2021-05-11 11:35:36,35.5,Food,Majority consumer scientist.,Mean billion wish.,0
2020-08-10 13:24:58,71.23,Transport,Less real beat.,Consider law fish.,0
2022-10-21 04:56:20,59.36,Food,Room data bit main woman.,Serious prevent bit.,0
2022-09-02 14:48:32,33.77,Food,Magazine fly she.,Apply key research.,0
2022-04-23 22:45:04,70.64,Food,Common important support up this score deep.,Apply big important.,1
2025-04-01 21:40:39,45.47,Transport,Ten out discussion surface case laugh spring.,Customer spend.,0
2025-03-21 12:16:22,78.96,Shopping,Size education all.,Behind particular.,0
2022-09-01 09:33:23,36.94,Shopping,Nation up table decision trade.,Fly interest.,0
2024-02-23 02:05:49,1.13,Shopping,Media adult difference south station loss.,She during modern.,0
2020-12-03 15:03:12,98.65,Entertainment,Outside we market example attention official son.,Check approach bag.,0
2022-04-12 14:10:49,21.43,Shopping,Sign read inside walk Democrat bank pay entire.,Public easy mention.,0
2022-04-21 19:53:09,30.95,Entertainment,Address land mission federal share agreement.,So study son class.,0
2020-11-18 23:24:28,50.52,Entertainment,And wind morning down third for.,Step evidence rise.,0
2021-01-24 02:19:27,79.43,Entertainment,Write center state cup health color.,View research mean.,0
2023-03-28 08:30:43,64.08,Entertainment,Forward what almost eye data carry activity.,Food home deal.,0
2023-10-08 08:19:34,12.81,Transport,Check important turn memory nation trade.,Hear participant.,0
2024-02-19 12:19:34,62.75,Shopping,Seem song space.,Hotel cold meeting.,0
2020-06-19 00:12:22,5.32,Bills,Possible upon leader.,Seven continue.,0
2020-05-23 14:52:59,35.83,Transport,Matter shake medical cut might staff.,Mission network set.,0
2024-04-16 19:46:21,96.5,Transport,Of until story concern poor enough.,Bad Mr price blood.,0
2024-11-11 05:01:11,34.11,Bills,Cut return improve consumer become fact.,Television eight.,0
2023-05-18 21:51:47,15.16,Food,Health win itself once together wait.,Live fund Mrs argue.,0
2022-02-23 10:14:26,0.9,Shopping,Bit wrong peace. Glass commercial hotel natural.,American history.,0
2020-04-21 10:30:31,22.77,Transport,Able cell work free pass break wide artist.,Own phone avoid he.,0
2023-10-28 20:14:52,2.17,Entertainment,Former city pressure bring because news sense.,Service despite.,0
2020-10-21 06:07:30,63.55,Transport,Product character staff really question.,Many account win.,0
2022-04-12 11:59:04,99.6,Shopping,Politics receive its scientist.,Phone cost drug.,0
2023-09-07 04:13:13,84.26,Transport,Movement together job human society quality.,Medical these soon.,0
2022-04-19 03:23:59,74.26,Shopping,Ok wait house not language political.,Bad over drop break.,0
2021-12-03 23:51:12,54.16,Entertainment,Several down item voice film.,Foot maybe magazine.,0
2023-07-09 17:09:50,38.7,Entertainment,Forward ability wrong particularly.,Our tell yes set.,0
2021-07-23 01:47:43,49.55,Bills,Avoid either cold sense news.,Population heavy.,1
2022-09-16 09:40:33,78.16,Transport,Page door myself program wind structure win.,Success best.,0
2023-01-04 16:20:10,66.44,Entertainment,Both economy out point later home theory.,Group low Mr such.,0
2024-08-16 09:15:20,97.37,Shopping,Whose believe arrive.,First support good.,0
2021-10-26 03:54:59,18.18,Transport,Reduce production side can his moment worry.,No consumer.,0
2022-09-29 16:35:32,62.56,Shopping,News mother our behind quickly.,Town camera.,0
2024-07-15 08:45:10,59.14,Food,Security conference old. Air suddenly skin.,Dream paper group.,0
2021-03-08 10:06:04,17.78,Food,Subject take energy significant bank watch lose.,Process interview.,0
2025-02-23 02:05:18,15.62,Food,Return last write continue beyond.,Statement good.,0
2020-03-10 09:11:00,94.69,Transport,Even need whom hard support popular.,Change environment.,0
2020-03-03 23:04:16,56.91,Transport,Then degree good particular scene with per.,Case simple before.,0
2024-11-27 12:31:27,10.97,Bills,Serious rest base alone north talk until.,I arrive make.,1
2022-12-21 23:21:27,53.49,Shopping,Thousand stop drive PM least me alone.,Administration by.,0
2023-03-19 16:54:57,78.03,Shopping,Ever heart physical.,Upon wish trial.,0
2023-09-13 19:41:17,16.72,Transport,Physical or work affect course.,Network road.,0
2024-06-26 12:13:57,51.14,Entertainment,Rise worker successful effect.,Because recent.,0
2021-03-25 10:35:25,3.71,Transport,Old personal general alone foreign budget.,Establish.,0
2024-03-26 00:49:55,15.67,Transport,Economy game crime sure else finally attention.,Early nation.,0
2024-05-18 21:01:57,90.8,Food,Church design store address however.,Plan herself white.,0
2021-06-25 14:39:38,6.22,Transport,Expect hope game food.,Break alone others.,0
2025-01-17 15:56:50,71.24,Transport,Cultural have Mr professor remain.,Military wrong.,0
2021-02-18 02:13:11,67.62,Food,Expect across play born similar sister care give.,Process his where.,0
2021-07-19 05:23:06,66.75,Food,Us beautiful do strong lay manager.,Color pull tonight.,0
2020-01-29 02:05:21,1.76,Transport,Physical discussion land amount front account.,Great similar past.,1
2024-04-26 06:45:46,74.66,Food,Agree scientist individual own.,Particular large.,0
2020-01-05 12:57:41,52.44,Food,A least be left he apply understand.,Show number reveal.,1
2023-12-21 06:56:30,39.29,Transport,Ability effect weight.,Bag single imagine.,0
2025-02-23 14:29:50,93.99,Bills,Discussion ok their occur ground.,On require main.,1
2022-12-29 20:48:33,50.04,Transport,Around last wife interesting.,Discuss pass assume.,0
2025-01-12 12:55:42,70.07,Transport,Current half my town around.,Difference next to.,0
2024-04-20 18:26:25,60.6,Bills,However so they.,Sort anything.,0
2021-06-30 05:45:30,82.79,Entertainment,Loss television mind.,East of arm top.,0
2023-03-19 09:08:42,94.68,Transport,Store soon figure protect full.,Owner PM commercial.,0
2021-03-12 06:08:44,90.09,Shopping,Because condition seat trade main draw seat.,Act join pressure.,0
2023-10-08 20:05:56,20.73,Entertainment,Owner political star law data even plan.,You describe.,1
2021-05-12 17:11:25,79.12,Shopping,Popular use model size.,Street group thing.,0
2020-09-28 04:48:54,38.03,Transport,Whole hotel then stop ready state hand.,Establish travel.,0
2024-06-12 15:47:15,87.81,Shopping,Turn find subject century.,House any so family.,0
2023-02-20 17:04:56,85.33,Food,Federal say weight million.,Heavy consumer.,0
2020-07-11 21:20:09,56.03,Bills,Population cold order sister.,Right explain above.,0
2022-10-19 18:37:11,56.76,Food,Sea recently least foot respond fine without.,Audience kind.,0
2024-03-04 14:00:43,87.97,Transport,Increase ball some ahead.,Mission purpose.,0
2022-11-10 07:53:49,32.95,Entertainment,Chair party return air baby ball since.,Gun customer.,0
2021-12-14 14:39:57,59.6,Entertainment,Team they crime effect.,Book thought until.,0
2020-08-30 21:08:29,29.8,Entertainment,Indeed bag major attack. Most build may list.,Ever fear poor man.,0
2020-04-29 22:09:42,72.47,Shopping,Remember five such turn decide.,Analysis test most.,0
2020-02-16 17:25:37,92.68,Bills,Remain interesting fall company senior like.,Feel do itself seem.,0
2022-05-09 10:24:34,72.71,Food,Air condition age today.,Best news never.,0
2025-02-26 03:38:39,55.53,Food,Mouth economy instead history beat owner street.,However adult not.,0
2024-08-08 08:09:39,71.78,Food,Gas care maintain direction.,Everything.,0
2023-11-05 13:51:02,97.86,Food,Artist recently then.,Doctor third.,0
2021-11-03 08:30:27,7.63,Entertainment,Long yeah democratic floor sound think foreign.,For grow morning.,0
2021-08-11 04:38:27,97.7,Transport,Deal civil whole suggest value.,Attorney matter.,0
2021-07-28 11:05:30,47.41,Entertainment,Prove go result beat federal.,Information along.,0
2022-04-15 04:18:20,20.2,Bills,Give learn nor machine.,Realize.,0
2024-06-04 16:56:36,6.21,Transport,Modern themselves pressure future involve enjoy.,Morning continue.,0
2021-06-21 05:50:34,94.43,Shopping,Kitchen operation group difficult.,People forward air.,0
2024-11-22 03:36:46,95.78,Transport,Hear kind home front.,Positive shake.,0
2022-02-15 02:49:57,45.14,Food,Fall determine its business. Anyone foot father.,Project their.,0
2023-10-31 14:17:21,80.4,Entertainment,Guy new why important the themselves thing trade.,Page relate assume.,0
2021-03-17 11:57:56,70.61,Transport,Middle high huge debate woman.,Anything open.,0
2020-06-28 15:36:29,28.72,Bills,Republican city these garden.,About dream discuss.,0
2022-08-19 17:09:32,13.21,Shopping,Next drug evening mouth must.,Design five.,0
2023-04-13 22:31:46,57.7,Entertainment,Could or as fight bar lawyer.,Table budget series.,0
2020-11-06 19:03:05,92.18,Bills,Drug traditional feel soon.,Room laugh entire.,0
2021-07-25 09:09:58,91.57,Bills,Somebody exactly audience listen will full fly.,Enough continue.,0
2020-11-06 12:36:55,76.29,Bills,Federal fall stuff can third write.,Throughout high.,1
2021-02-21 22:51:50,56.38,Shopping,Card thank listen culture attention word.,Benefit role heart.,0
2023-01-27 10:53:41,37.75,Bills,Alone expect born.,Computer relate.,0
2021-05-16 05:18:41,61.14,Transport,Type their place language other war.,Enter perform sell.,0
2024-09-07 22:22:43,44.92,Bills,Experience early seven rock.,Painting glass case.,0
2023-10-20 02:58:43,68.27,Shopping,Alone can work two standard.,Face painting.,0
2023-02-19 17:24:18,72.54,Transport,Age kid pass wonder buy.,Open course sell.,0
2024-02-28 21:08:07,78.32,Entertainment,These seem right tonight rise before.,Major teach.,0
2023-06-28 23:31:56,1.98,Entertainment,Mind admit either pretty.,Town success look.,0
2024-09-17 20:47:56,97.53,Transport,Turn else would compare pay.,Number than present.,0
2024-06-07 21:17:08,31.07,Entertainment,Contain ahead voice high one.,Boy animal world.,0
2023-05-20 11:51:34,52.88,Entertainment,Continue could carry successful executive summer.,Say member indicate.,0
2023-12-27 19:23:09,16.99,Bills,Learn consumer strategy prepare ask arm.,Human address week.,1
2023-12-31 21:12:03,1.58,Entertainment,Mouth Mr now address.,Tax series six.,0
2020-08-13 07:30:28,6.65,Food,Structure thought positive vote big scientist.,Design response.,0
2024-10-26 02:02:57,68.84,Food,Design them though fast sense voice matter.,Song compare pull.,0
2022-06-26 11:37:27,87.56,Bills,Certain get range vote almost type.,Near protect.,0
2021-08-14 13:50:46,26.65,Bills,Maybe put dream good pretty remain.,Explain leave.,0
2023-08-29 00:24:03,73.07,Food,Daughter must manage bill draw case offer.,Nearly enough.,0
2021-01-31 10:08:18,34.59,Bills,Know medical mother this as huge.,Cultural site win.,0
2024-06-26 16:49:17,34.63,Entertainment,Into reflect policy everybody later sell cell.,Their talk director.,0
2023-01-31 11:51:40,18.78,Entertainment,Foreign cell consumer.,Compare president.,0
2022-04-21 10:57:07,48.45,Bills,Listen no think once western.,Simply arm cultural.,0
2024-07-08 23:00:43,15.03,Bills,Drive him blue anyone thousand.,State reality much.,0
2023-12-25 06:35:16,75.41,Entertainment,Matter exactly conference the choice example.,Prove reason force.,0
2020-04-26 02:16:24,26.77,Shopping,Hear table article end suffer agent bill.,Significant several.,0
2020-09-09 13:13:34,86.35,Food,Interesting treat indeed member control expert.,Story property.,0
2021-06-02 06:05:02,54.96,Shopping,Agency involve across work investment we former.,Price their young.,0
2021-09-15 20:25:42,15.38,Food,Make Republican employee away maybe.,Treatment strategy.,1
2021-07-22 05:19:16,1.93,Transport,Gun put stuff fund.,Sense within arm.,1
2020-06-14 18:13:30,1.39,Entertainment,Material child cut behind.,Prepare might.,0
2020-10-27 09:39:46,61.42,Entertainment,True bag tree ok research.,Behavior particular.,0
2022-09-15 14:09:29,67.89,Entertainment,Southern take science reality break.,Stay program woman.,0
2024-04-15 18:41:19,53.82,Transport,Agree enjoy establish.,Discussion science.,0
2023-06-22 22:46:09,98.74,Transport,Decide attention season body man.,Law if stock.,0
2025-03-10 17:01:55,98.65,Food,Tough town movie born a move us.,Material face.,0
2022-10-27 00:06:26,88.33,Bills,Moment one wife form fine fall move production.,Region feeling.,0
2022-02-12 02:09:14,20.3,Shopping,Term soldier sign environment blue here catch.,Cup heart father.,0
2023-05-15 09:03:31,87.47,Shopping,Focus land something bed according.,Country behind list.,0
2021-03-23 09:44:24,33.34,Bills,Pm lawyer probably always stay tough.,Citizen crime.,0
2021-11-10 13:43:39,30.21,Bills,Soon lose home arrive voice score without find.,Design news group.,0
2022-06-05 17:35:21,4.93,Shopping,Item customer actually push television admit.,About national.,0
2020-01-22 04:53:33,1.24,Bills,Religious improve field.,Include such.,1
2023-07-14 03:37:05,70.08,Entertainment,Forward reality relationship language exactly Mr.,Lose Republican kid.,0
2022-09-21 18:04:28,53.9,Entertainment,Share age wall entire.,Picture all floor.,0
2024-08-08 15:46:26,10.95,Transport,Dream political certainly man rise figure.,College media his.,0
2022-02-21 15:56:34,65.73,Shopping,Dinner ball term coach.,Industry deep ready.,0
2023-06-07 13:19:16,33.72,Transport,I follow system collection.,Either war free.,0
2022-12-17 11:50:56,59.73,Bills,Particularly itself quality current.,Form today past.,0
2024-04-11 14:23:35,19.71,Bills,Question better pay concern effect last.,Late force Democrat.,0
2023-08-24 02:22:34,56.64,Shopping,Employee look movement hour sea budget.,Majority represent.,0
2022-11-05 12:57:01,40.78,Transport,Practice office majority only.,Town near like add.,1
2022-10-04 03:03:13,10.43,Food,But chance rock rich mean.,Eight lay bank yet.,0
2024-10-23 18:16:06,67.72,Bills,Well nor action such media ready.,In central design.,0
2024-05-09 03:51:31,87.65,Entertainment,Source red three son call.,Peace prevent.,1
2022-08-24 22:23:55,2.25,Food,Population away field relate catch pick.,Growth PM although.,0
2023-05-02 22:56:12,68.75,Bills,Identify and north allow write.,Computer right.,0
2023-11-29 22:50:48,0.34,Transport,Mr feel similar would baby whom machine.,Become however.,0
2022-07-27 02:28:34,62.94,Entertainment,Interesting animal bed great.,Development weight.,0
2021-07-23 22:42:06,46.63,Shopping,Shake tell oil need.,Get environment.,0
2020-03-21 18:01:24,40.43,Food,Quality base real hour.,Young hit follow.,0
2021-05-30 03:47:06,65.73,Food,Box family decision poor news.,Make state push bed.,0
2024-07-11 16:17:37,20.96,Shopping,Thank sure campaign that local hair board.,Card relate idea.,0
2021-07-01 23:33:13,73.93,Shopping,Natural thank skill list poor minute Mrs.,Thing large young.,0
2024-08-10 16:58:19,60.49,Food,Fall small single own professional.,Nothing trip.,0
2020-04-08 16:39:58,13.99,Food,Describe mission civil third coach marriage.,Trip wait scene.,0
2024-04-15 20:09:25,61.27,Shopping,Usually huge you carry.,Region certainly.,0
2021-04-23 23:26:10,27.46,Bills,Thing technology guess probably.,Reveal war less she.,0
2022-05-04 22:51:36,89.15,Transport,Smile investment us manager like black.,Forward ahead on by.,0
2024-01-30 14:35:14,41.44,Entertainment,Guess career executive.,Fact interesting.,0
2020-05-11 15:38:25,96.0,Transport,Mrs vote minute someone country issue.,Indicate wide tell.,0
2021-05-31 08:16:04,79.49,Food,Series might professor chair worker.,Significant reveal.,1
2025-04-11 06:00:34,64.06,Shopping,Eye eight leg give author.,Better argue.,0
2025-01-22 17:22:07,52.86,Shopping,Media game major.,Protect against.,0
2020-04-25 20:08:17,71.58,Entertainment,Happen kind wish.,Position upon.,0
2020-08-01 07:35:34,53.09,Food,Within effect too easy pull building ball.,Network how believe.,0
2022-03-02 11:21:23,27.52,Transport,Sort least treatment this man.,Address maybe past.,0
2023-05-20 10:39:58,64.4,Transport,Reality teach somebody couple.,Report rest feel.,0
2023-06-29 14:08:31,54.52,Bills,Laugh establish her yeah evidence current.,Again paper point.,1
2024-11-03 15:00:25,71.13,Entertainment,Really sign final appear.,Enough prove.,0
2024-02-23 21:16:29,59.31,Shopping,Leg assume memory answer why no federal.,Eye political you.,0
2020-03-16 07:32:39,92.54,Shopping,Nothing never most out. Focus campaign fly.,Yard news once.,1
2023-04-03 02:27:52,62.64,Bills,Well seek success expect.,Receive character.,0
2020-07-21 02:19:46,84.88,Shopping,Major very also never perhaps mother stand.,Term anyone will.,0
2022-06-26 18:19:30,91.61,Transport,Fund simple claim. Society between window voice.,City take off ok.,0
2023-10-29 07:25:48,66.91,Entertainment,Old teach thought after alone.,Imagine pretty.,0
2020-01-07 17:33:35,22.21,Entertainment,Happen say beyond fill training majority present.,Leg network thing.,0
2020-07-12 05:14:16,61.95,Transport,Court prove happen safe partner director mind.,Become close boy.,0
2022-06-29 02:45:28,36.48,Food,Receive continue up street middle.,Consumer phone hear.,0
2020-08-29 07:00:22,93.54,Shopping,Eight figure baby.,Kid health while.,0
2021-08-12 07:09:43,27.06,Entertainment,Staff truth black year of.,Somebody its arm.,0
2020-10-01 04:33:48,60.56,Entertainment,Simply behavior build save.,Third whatever.,0
2023-09-24 02:25:38,17.8,Shopping,Arm energy born give season quickly.,Sort become.,0
2021-09-29 13:47:36,86.47,Entertainment,Thing doctor cup arm them have kid.,Allow PM there.,0
2022-04-26 05:52:02,30.75,Entertainment,Sell information person spend.,Herself remember.,0
2020-08-20 01:37:52,13.27,Transport,Region current court benefit.,Factor week risk.,0
2021-01-17 05:39:52,26.09,Transport,Traditional water girl reach report fly.,Cold agreement.,0
2021-10-05 00:45:36,28.44,Transport,Information value seat myself laugh heart.,Method sometimes.,1
2021-01-23 20:30:25,93.8,Shopping,Happy include concern kitchen recent pull policy.,Resource call.,0
2024-02-03 10:17:52,43.49,Shopping,Left blue your. Huge boy miss tell policy.,Win against.,0
2021-01-19 02:56:50,93.05,Shopping,Lead blue five small.,Activity analysis.,0
2024-08-10 11:05:22,86.65,Shopping,Safe turn sister challenge as paper.,Several Democrat.,0
2020-10-15 00:53:11,31.01,Food,Answer media international watch ground.,Society cell.,0
2021-04-14 14:59:16,53.86,Transport,Author medical second live because.,Wind special own.,0
2025-01-27 12:23:42,47.64,Entertainment,Less decision campaign cup sell.,Population theory.,0
2023-09-09 12:12:47,26.42,Transport,Area cultural degree trade.,List set.,0
2024-03-22 14:40:30,44.14,Transport,Early early full total here.,Sometimes space.,0
2021-11-05 09:40:20,61.28,Bills,Final home design reality bar at opportunity.,Computer authority.,0
2023-06-27 19:57:44,55.95,Transport,Memory raise rest. Southern land role than.,Physical view eye.,0
2024-04-08 11:31:16,11.25,Bills,Threat back against window message computer.,Soldier finish.,0
2023-09-17 14:23:09,56.67,Shopping,Imagine make bring not spend.,Probably he imagine.,1
2021-10-09 10:09:03,49.38,Food,Certainly president life option contain ask.,Type democratic.,0
2023-03-10 23:15:32,1.93,Shopping,Information bring throw age prove responsibility.,Child remain task.,0
2022-02-17 05:25:46,51.4,Food,Finally care heart. Social but might all.,Thought example.,0
2025-02-13 19:34:12,15.76,Bills,Medical woman direction cost season ahead.,Style production.,0
2022-01-13 00:24:12,26.64,Food,Project work should sign.,Yeah field rather.,0
2020-09-09 18:46:33,88.19,Entertainment,Father can woman. Year choose run start article.,Technology pay long.,0
2023-04-28 09:42:51,50.54,Bills,On create take test offer standard pull.,Business break.,0
2025-01-19 22:44:56,77.59,Food,Big beyond hundred data base low.,Drive think.,0
2022-05-29 01:43:25,56.03,Entertainment,Person water miss election door prove ground.,Describe if believe.,0
2020-03-23 10:47:37,70.95,Shopping,Any firm enjoy agency box sell add.,Boy wait pass own.,0
2020-03-31 09:47:51,2.46,Bills,Simply line put early dinner offer.,Apply value.,0
2023-08-02 22:07:28,27.92,Transport,Serious question foreign politics.,Knowledge.,0
2022-05-11 11:13:19,4.58,Entertainment,Analysis seven record set throw.,Mention possible.,0
2021-10-12 09:21:23,11.79,Transport,Democrat fly PM will mother father big.,Assume bill ability.,1
2023-09-24 00:53:23,97.57,Food,Fine thing appear. Mr now paper mention.,Indeed camera.,1
2020-04-10 03:20:19,7.85,Transport,Change reality debate teacher even whatever.,Actually street.,0
2022-01-08 11:39:57,77.81,Bills,Million situation Congress peace establish.,Stuff bag station.,0
2024-09-14 12:39:54,82.72,Entertainment,Make music actually inside seat local different.,Sister visit move.,0
2022-05-20 09:03:53,79.23,Bills,Reach risk really build stock cost chance.,Plant sound.,0
2022-03-16 12:39:32,43.22,Shopping,Air through low rule south water.,Name out through.,0
2022-12-25 20:58:45,96.59,Bills,Amount fact agent customer again defense.,Support station.,0
2022-03-24 00:46:39,13.6,Food,Onto window military ask price why.,Room write security.,0
2022-05-02 04:32:23,79.15,Shopping,Bit range mention public entire go.,True professional.,0
2024-07-28 13:59:19,20.45,Food,Interview everything seat teacher.,Though program high.,0
2024-09-13 11:25:18,56.33,Shopping,Section which hot every she. Say stop single.,House girl cause.,0
2022-07-05 23:47:29,16.47,Shopping,Clear memory free organization black suffer.,Later wear energy.,0
2023-02-02 12:49:32,4.02,Food,Letter high summer possible.,Develop new long.,0
2023-05-12 11:21:55,2.27,Bills,Above area glass sure.,Visit body forward.,0
2024-05-02 22:21:36,89.11,Entertainment,Animal present information government since yeah.,Them how boy range.,0
2022-12-15 07:29:56,0.19,Bills,Contain control community quite rule art.,Like job part fact.,0
2023-06-21 21:09:45,37.44,Shopping,Learn young yourself production consider three.,That join sell.,0
2020-12-29 06:35:08,56.92,Entertainment,Exist add possible side on debate pass.,Prevent century.,0
2024-10-11 00:02:56,23.02,Entertainment,Character who sister body space able sign.,Dog charge base.,0
2022-08-16 22:31:10,58.12,Transport,Assume pay he culture may that.,Involve happen type.,0
2022-10-06 20:54:27,3.77,Transport,Value scene program federal address but machine.,Skill property.,0
2024-01-12 04:53:26,73.83,Transport,Fund research true seven Mr worry somebody.,Central page today.,0
2021-07-24 20:09:11,2.59,Bills,Plan here where go parent economy.,Kitchen know.,0
2021-06-17 13:53:55,6.57,Shopping,Attack ground natural dog own ten change.,Public four.,1
2024-10-21 13:03:06,35.62,Shopping,Ahead ago despite enough.,Expect simple.,0
2020-11-04 00:25:11,35.86,Transport,Sometimes early father manager food.,Might time edge.,0
2020-06-11 05:20:57,36.84,Entertainment,Box best treatment rock.,Several also though.,0
2024-10-13 08:42:25,90.93,Bills,Behavior action surface within society case.,Lawyer who office.,0
2020-09-25 15:12:27,36.6,Entertainment,Pattern nature head gun should trip price.,Cut look foreign.,0
2021-03-24 19:36:30,98.8,Entertainment,Response drop thank world affect since.,Low particular.,1
2024-01-19 03:48:02,45.91,Bills,Parent share card officer. Stage challenge off.,Officer future.,0
2020-04-03 20:47:19,13.03,Transport,Perform style show on relationship degree.,Meeting rich buy.,0
2022-04-01 22:13:22,74.53,Entertainment,Subject enter office reality current.,Claim she town yard.,0
2023-07-10 15:53:58,32.87,Shopping,Old task what detail form task beat defense.,Feel someone.,1
2021-08-07 22:07:40,22.51,Bills,Several expert decision remain.,Suggest social near.,0
2024-04-22 22:44:55,94.05,Bills,People staff guess experience like.,Up language least.,0
2022-10-08 01:21:10,46.5,Transport,Radio every believe local glass operation son.,Indicate serve.,0
2023-02-01 15:48:40,95.95,Entertainment,Next sort central great be.,Figure voice dinner.,0
2020-10-14 01:16:52,88.94,Entertainment,Care national seven forget.,When energy current.,0
2020-05-19 06:47:35,44.0,Transport,Although live explain sell movement.,Program herself.,0
2023-08-16 14:21:15,96.49,Food,Inside health vote find hard part.,Good address give.,0
2022-03-16 20:41:44,34.42,Transport,Sign charge reveal family pick.,Even choice.,0
2023-05-13 14:20:45,17.88,Shopping,Huge magazine any travel program.,Kid performance.,0
2022-12-26 08:38:12,13.94,Transport,Reason church visit party total.,Son green young.,0
2020-07-12 08:59:02,28.0,Food,Area control word age beyond occur family.,Prevent scientist.,0
2021-09-17 19:45:39,86.2,Shopping,Approach fight knowledge.,Wear day eat.,0
2022-03-26 05:46:38,63.5,Entertainment,Miss budget same drug field protect product read.,Show full member.,0
2022-10-01 06:28:00,12.2,Entertainment,Road another remember man race south almost.,Per my building.,0
2025-04-07 12:18:21,58.07,Transport,Hope guess TV catch.,Identify benefit.,0
2022-04-04 21:42:06,72.4,Transport,According executive audience approach method.,Admit serious drop.,0
2024-04-30 15:06:14,77.6,Shopping,Capital trial interest religious.,Establish suggest.,0
2023-12-08 20:16:54,61.22,Entertainment,Be strategy bar do.,Happy before factor.,0
2021-12-11 16:21:17,60.4,Food,Special exactly recognize our.,Me indeed effect.,0
2023-01-03 04:51:25,58.24,Food,Approach life manage focus summer yes.,Happy billion less.,0
2021-06-25 03:24:22,58.07,Shopping,Far view rate admit this.,Plan magazine study.,0
2025-01-11 10:18:48,39.64,Shopping,Year yes yeah everyone program window.,Allow conference.,0
2024-04-05 06:39:36,63.04,Transport,Scientist interesting cost run.,Attorney own speak.,0
2022-10-27 09:16:58,93.31,Bills,Arm property member natural manager item start.,These PM owner yes.,0
2020-07-26 01:27:20,35.27,Transport,Else prepare option.,Write run building.,0
2020-09-21 01:07:55,33.33,Transport,Fish authority official head.,Each southern.,0
2022-06-28 05:47:49,71.25,Bills,Recent popular every.,Better article.,0
2022-02-19 23:49:30,48.95,Transport,Share measure job reduce suffer film work.,Finish true policy.,0
2021-11-10 15:27:01,27.08,Entertainment,Only tax serious organization letter.,Experience cultural.,0
2024-11-27 14:19:33,13.91,Entertainment,Then government news much.,Hope accept too.,0
2025-04-05 02:21:18,87.78,Shopping,American try military surface.,Possible sport.,0
2024-06-15 08:50:37,92.04,Entertainment,Technology so make town mission material offer.,Fund dog try.,0
2021-07-05 20:31:37,42.83,Entertainment,Fund keep thousand eight bar ok major before.,Five wonder by part.,0
2022-04-20 23:23:00,79.55,Entertainment,Check authority very two. Ever these election at.,Read face past.,1
2021-11-23 04:23:43,15.56,Bills,Marriage accept our interesting baby per.,Unit many without.,0
2020-05-04 08:26:09,86.98,Entertainment,Close quickly next around.,Give politics when.,0
2020-04-17 16:20:20,44.92,Food,Worry economic improve officer. Figure road edge.,Let left new fine.,0
2022-12-23 15:47:52,37.29,Bills,Serious worker oil middle.,Heavy tell them.,0
2020-06-04 22:00:06,62.91,Transport,Response position despite note forget.,Happy simple.,0
2020-12-14 00:47:21,24.25,Transport,Financial identify to structure capital.,Occur now trouble.,1
2023-11-19 06:04:16,52.48,Entertainment,Seek without military those write.,Right moment.,0
2020-09-19 23:31:40,67.22,Transport,House better attack no fast if clear fine.,Question take miss.,0
2021-09-30 08:55:09,6.97,Bills,Able development parent.,Turn management.,0
2022-02-25 22:18:55,84.25,Food,Truth beat society drug expect become current.,Bill above American.,0
2020-10-08 18:51:03,82.6,Food,Ok where indicate friend.,Charge similar.,0
2020-07-11 23:12:38,53.28,Food,Wrong base person gun help realize.,Dog degree letter.,0
2024-11-02 02:50:11,20.04,Entertainment,Nothing if of. Push tell end.,Though question us.,0
2021-11-16 11:23:44,72.66,Food,Right remain when manager serve boy relate scene.,Hair face member.,0
2022-03-13 23:07:04,31.16,Bills,Step news quickly list produce art.,For could city.,0
2020-12-05 20:48:07,87.85,Transport,Window begin option artist civil.,Bit maintain very.,0
2021-03-30 17:18:05,82.63,Bills,Fund traditional health.,Future own white.,0
2024-03-14 08:20:46,51.46,Bills,Among after but form.,There threat sit.,0
2022-11-12 10:01:56,69.47,Bills,Onto land three technology beyond else.,Technology front.,0
2024-11-16 20:56:52,26.25,Food,Head be discuss Democrat start building mission.,Compare you same.,0
2023-01-11 03:01:15,14.14,Entertainment,Land top happen.,Box impact American.,0
2020-08-06 20:52:12,65.45,Entertainment,Information race know continue garden within.,Perform actually.,0
2020-12-06 13:09:33,9.52,Shopping,Mrs end rest yet. Wear teacher apply issue.,Yes bring end.,0
2020-11-12 23:53:19,56.14,Bills,Deal executive small administration professor.,Law certain stop.,1
2022-08-13 22:41:08,86.25,Transport,Glass feeling food face wait specific practice.,National very young.,0
2024-08-30 19:13:37,83.87,Bills,Chance health could result whom others.,Thus type social.,0
2022-12-16 19:53:13,3.9,Transport,Table race event seek he responsibility.,Republican family.,0
2021-10-05 03:58:48,89.25,Shopping,Central hear traditional arrive.,Ahead cold weight.,0
2023-09-09 21:28:24,31.65,Food,Section listen nor born.,Tree about process.,0
2021-08-04 07:55:20,49.36,Transport,Rock certainly show door deep.,Inside a national.,0
2020-07-02 23:41:34,85.2,Entertainment,Church finally hold consumer and all.,Sense way idea.,0
2020-05-17 06:04:44,53.3,Bills,Leave dog like difference cause.,Some weight fish.,0
2024-07-06 19:53:22,58.4,Food,Between occur hundred affect later.,Market authority.,0
2024-01-14 06:28:13,65.4,Transport,Blood manager world behind board type say.,Only who old lead.,0
2024-05-20 07:28:09,99.11,Food,Rich project police owner or.,Affect political.,0
2023-11-17 10:23:11,52.79,Transport,Manager win director.,Money one bill.,0
2021-01-26 00:32:12,80.15,Entertainment,Full better understand fight debate.,Pretty account.,0
2024-05-15 06:23:30,29.46,Bills,Effort we so early. I get thought upon.,Generation owner.,0
2020-01-03 00:52:02,58.49,Food,Seek movie main large.,Will local point.,0
2024-09-14 04:21:44,77.2,Shopping,Join ago as sense still speech.,Fine list feeling.,0
2020-09-07 02:54:23,1.11,Food,Develop new half poor sell sister.,Really family crime.,0
2024-04-28 19:53:46,32.05,Entertainment,Gas agreement deep some well capital machine.,Available three on.,0
2020-03-19 05:54:01,27.07,Bills,Class scene old strong.,Physical ago.,0
2024-01-27 17:58:20,20.36,Transport,Benefit analysis election lay trade those.,Begin again west.,0
2023-02-06 01:41:36,57.37,Entertainment,Civil lawyer unit tough eye instead today price.,Sell prepare war.,0
2021-09-26 14:19:23,14.81,Food,Daughter man eye above like.,Rather think word.,0
2022-04-04 07:12:34,80.04,Food,Goal radio own bag.,Box about federal.,0
2020-05-16 10:58:14,41.0,Food,Watch consumer political.,Into house plan hot.,0
2021-03-03 02:11:57,10.7,Shopping,Candidate to front nothing son another.,Organization site.,0
2022-11-22 21:25:01,39.77,Shopping,Again car policy reason present.,Product key field.,0
2024-04-11 04:47:42,27.64,Transport,Four past something picture civil fire.,Think form design.,0
2022-01-02 14:14:58,46.64,Bills,Human area write drug. Scientist light policy go.,Something east.,0
2024-01-24 07:26:58,5.89,Shopping,Let notice investment election.,Many finish answer.,0
2020-04-19 14:13:50,30.18,Transport,Director third ready lay.,Several here down.,0
2021-08-15 00:54:19,24.64,Bills,Win serious note.,Beyond recent.,0
2023-05-29 10:28:41,56.57,Bills,Tend left than it ten.,Others drug she.,0
2022-09-17 04:28:54,51.4,Transport,Sometimes interview another season information.,Behind decide.,0
2020-09-08 09:19:34,15.78,Bills,Role score decade all.,Full book employee.,1
2023-02-26 22:00:37,8.71,Transport,Wrong their answer series assume next.,Serious anything.,0
2023-09-04 07:23:38,20.51,Bills,Keep hot professional drug author.,Young society argue.,0
2020-02-24 23:47:47,14.67,Transport,Fill everybody task they.,Man serious black.,0
2022-05-17 06:30:04,52.07,Bills,Small probably he argue table.,South fire style.,0
2020-08-28 15:53:51,91.97,Entertainment,Street eye same student subject allow.,Coach ago think.,0
2025-02-27 05:00:27,78.49,Food,Seem of life three.,Great four surface.,0
2024-06-15 14:22:08,37.95,Bills,Too deal civil cell.,Music easy owner.,0
2022-10-22 10:11:24,72.71,Transport,Body adult goal himself she their.,Look interview air.,0
2021-10-24 11:51:54,29.79,Bills,Animal necessary right four person.,Cause degree money.,0
2024-06-15 17:49:25,9.13,Shopping,You name lead professional.,Wear city federal.,0
